observation_date,BAMLCC0A0CMTRIV
2007-01-02,1616.690
2007-01-03,1619.690
2007-01-04,1624.390
2007-01-05,1622.360
2007-01-08,1622.510
2007-01-09,1622.990
2007-01-10,1620.930
2007-01-11,1616.140
2007-01-12,1613.300
2007-01-15,1614.080
2007-01-16,1616.500
2007-01-17,1613.380
2007-01-18,1616.960
2007-01-19,1615.510
2007-01-22,1617.590
2007-01-23,1614.210
2007-01-24,1614.200
2007-01-25,1609.710
2007-01-26,1608.600
2007-01-29,1608.490
2007-01-30,1609.860
2007-01-31,1614.720
2007-02-01,1613.970
2007-02-02,1615.220
2007-02-05,1618.140
2007-02-06,1622.520
2007-02-07,1625.250
2007-02-08,1626.380
2007-02-09,1621.810
2007-02-12,1621.060
2007-02-13,1620.190
2007-02-14,1628.200
2007-02-15,1631.160
2007-02-16,1633.230
2007-02-19,1634.020
2007-02-20,1635.380
2007-02-21,1634.790
2007-02-22,1631.280
2007-02-23,1636.610
2007-02-26,1641.990
2007-02-27,1651.760
2007-02-28,1647.490
2007-03-01,1647.550
2007-03-02,1650.920
2007-03-05,1648.920
2007-03-06,1648.310
2007-03-07,1651.140
2007-03-08,1651.120
2007-03-09,1643.540
2007-03-12,1647.910
2007-03-13,1652.100
2007-03-14,1648.960
2007-03-15,1648.030
2007-03-16,1647.190
2007-03-19,1645.660
2007-03-20,1646.930
2007-03-21,1649.910
2007-03-22,1643.460
2007-03-23,1641.540
2007-03-26,1644.710
2007-03-27,1642.520
2007-03-28,1641.510
2007-03-29,1640.760
2007-03-30,1639.230
2007-03-31,1639.460
2007-04-02,1640.710
2007-04-03,1638.970
2007-04-04,1639.970
2007-04-05,1637.960
2007-04-06,
2007-04-09,1632.810
2007-04-10,1635.810
2007-04-11,1635.200
2007-04-12,1635.570
2007-04-13,1633.690
2007-04-16,1637.230
2007-04-17,1642.230
2007-04-18,1646.070
2007-04-19,1644.970
2007-04-20,1645.250
2007-04-23,1648.070
2007-04-24,1651.230
2007-04-25,1648.760
2007-04-26,1644.920
2007-04-27,1644.030
2007-04-30,1651.590
2007-05-01,1651.020
2007-05-02,1650.700
2007-05-03,1648.350
2007-05-04,1651.950
2007-05-07,1653.230
2007-05-08,1653.530
2007-05-09,1649.860
2007-05-10,1652.010
2007-05-11,1650.260
2007-05-14,1649.930
2007-05-15,1648.010
2007-05-16,1648.910
2007-05-17,1644.690
2007-05-18,1640.600
2007-05-21,1642.640
2007-05-22,1639.000
2007-05-23,1636.670
2007-05-24,1637.250
2007-05-25,1637.020
2007-05-28,
2007-05-29,1636.020
2007-05-30,1636.270
2007-05-31,1635.240
2007-06-01,1629.640
2007-06-04,1633.690
2007-06-05,1629.230
2007-06-06,1629.370
2007-06-07,1616.810
2007-06-08,1615.130
2007-06-11,1614.540
2007-06-12,1604.620
2007-06-13,1609.710
2007-06-14,1608.440
2007-06-15,1612.980
2007-06-18,1616.020
2007-06-19,1621.520
2007-06-20,1617.960
2007-06-21,1614.100
2007-06-22,1616.550
2007-06-25,1622.700
2007-06-26,1619.920
2007-06-27,1622.630
2007-06-28,1618.680
2007-06-29,1627.120
2007-06-30,1627.380
2007-07-02,1630.750
2007-07-03,1626.490
2007-07-04,1626.750
2007-07-05,1617.810
2007-07-06,1613.790
2007-07-09,1618.040
2007-07-10,1628.800
2007-07-11,1624.190
2007-07-12,1620.540
2007-07-13,1621.730
2007-07-16,1628.680
2007-07-17,1624.670
2007-07-18,1630.470
2007-07-19,1628.120
2007-07-20,1632.210
2007-07-23,1631.350
2007-07-24,1631.890
2007-07-25,1633.610
2007-07-26,1633.740
2007-07-27,1629.680
2007-07-30,1627.710
2007-07-31,1632.030
2007-08-01,1632.610
2007-08-02,1633.810
2007-08-03,1638.730
2007-08-06,1634.400
2007-08-07,1633.780
2007-08-08,1624.500
2007-08-09,1629.840
2007-08-10,1629.660
2007-08-13,1631.370
2007-08-14,1634.040
2007-08-15,1633.200
2007-08-16,1640.080
2007-08-17,1633.200
2007-08-20,1636.880
2007-08-21,1640.920
2007-08-22,1637.810
2007-08-23,1639.600
2007-08-24,1639.140
2007-08-27,1643.400
2007-08-28,1648.870
2007-08-29,1646.260
2007-08-30,1650.340
2007-08-31,1648.100
2007-09-03,1648.670
2007-09-04,1647.110
2007-09-05,1655.040
2007-09-06,1651.360
2007-09-07,1661.540
2007-09-10,1664.140
2007-09-11,1659.680
2007-09-12,1655.060
2007-09-13,1647.880
2007-09-14,1650.020
2007-09-17,1650.900
2007-09-18,1651.140
2007-09-19,1648.870
2007-09-20,1638.670
2007-09-21,1645.310
2007-09-24,1648.830
2007-09-25,1650.350
2007-09-26,1650.790
2007-09-27,1656.630
2007-09-28,1656.790
2007-09-30,1657.340
2007-10-01,1659.580
2007-10-02,1662.220
2007-10-03,1662.140
2007-10-04,1665.700
2007-10-05,1656.230
2007-10-08,1657.050
2007-10-09,1657.530
2007-10-10,1659.560
2007-10-11,1660.440
2007-10-12,1658.550
2007-10-15,1660.780
2007-10-16,1662.060
2007-10-17,1671.760
2007-10-18,1675.020
2007-10-19,1683.590
2007-10-22,1682.730
2007-10-23,1682.940
2007-10-24,1688.660
2007-10-25,1686.210
2007-10-26,1683.620
2007-10-29,1685.120
2007-10-30,1684.390
2007-10-31,1675.350
2007-11-01,1684.130
2007-11-02,1688.330
2007-11-05,1683.640
2007-11-06,1678.860
2007-11-07,1677.760
2007-11-08,1679.840
2007-11-09,1682.690
2007-11-12,1683.520
2007-11-13,1677.980
2007-11-14,1677.170
2007-11-15,1685.660
2007-11-16,1685.020
2007-11-19,1689.710
2007-11-20,1688.610
2007-11-21,1691.300
2007-11-22,1691.570
2007-11-23,1691.440
2007-11-26,1706.880
2007-11-27,1695.600
2007-11-28,1686.950
2007-11-29,1692.660
2007-11-30,1690.080
2007-12-03,1697.500
2007-12-04,1696.200
2007-12-05,1691.810
2007-12-06,1681.150
2007-12-07,1669.840
2007-12-10,1668.150
2007-12-11,1684.270
2007-12-12,1677.250
2007-12-13,1668.620
2007-12-14,1662.880
2007-12-17,1668.410
2007-12-18,1676.330
2007-12-19,1681.730
2007-12-20,1686.460
2007-12-21,1673.010
2007-12-24,1669.830
2007-12-25,
2007-12-26,1663.330
2007-12-27,1671.640
2007-12-28,1681.880
2007-12-31,1689.140
2008-01-01,
2008-01-02,1703.320
2008-01-03,1701.600
2008-01-04,1703.760
2008-01-07,1705.230
2008-01-08,1703.210
2008-01-09,1703.600
2008-01-10,1692.020
2008-01-11,1699.770
2008-01-14,1701.680
2008-01-15,1708.950
2008-01-16,1707.260
2008-01-17,1711.080
2008-01-18,1709.290
2008-01-21,1710.130
2008-01-22,1718.810
2008-01-23,1723.230
2008-01-24,1704.400
2008-01-25,1711.900
2008-01-28,1712.940
2008-01-29,1707.170
2008-01-30,1699.390
2008-01-31,1709.100
2008-02-01,1714.480
2008-02-04,1710.530
2008-02-05,1717.210
2008-02-06,1714.580
2008-02-07,1701.940
2008-02-08,1708.870
2008-02-11,1711.200
2008-02-12,1703.880
2008-02-13,1702.660
2008-02-14,1690.520
2008-02-15,1693.680
2008-02-18,1694.520
2008-02-19,1685.050
2008-02-20,1681.250
2008-02-21,1693.920
2008-02-22,1691.660
2008-02-25,1681.470
2008-02-26,1684.720
2008-02-27,1685.900
2008-02-28,1695.520
2008-02-29,1710.330
2008-03-03,1708.950
2008-03-04,1701.270
2008-03-05,1687.640
2008-03-06,1686.810
2008-03-07,1689.920
2008-03-10,1695.620
2008-03-11,1677.480
2008-03-12,1688.450
2008-03-13,1680.070
2008-03-14,1688.860
2008-03-17,1693.620
2008-03-18,1683.700
2008-03-19,1692.870
2008-03-20,1694.440
2008-03-21,
2008-03-24,1678.790
2008-03-25,1682.320
2008-03-26,1683.760
2008-03-27,1679.650
2008-03-28,1684.540
2008-03-31,1687.630
2008-04-01,1676.890
2008-04-02,1676.290
2008-04-03,1677.350
2008-04-04,1690.680
2008-04-07,1687.690
2008-04-08,1688.710
2008-04-09,1697.780
2008-04-10,1691.220
2008-04-11,1696.710
2008-04-14,1694.410
2008-04-15,1689.090
2008-04-16,1677.840
2008-04-17,1676.250
2008-04-18,1679.930
2008-04-21,1686.150
2008-04-22,1687.650
2008-04-23,1688.520
2008-04-24,1680.090
2008-04-25,1677.830
2008-04-28,1684.820
2008-04-29,1687.660
2008-04-30,1697.290
2008-05-01,1700.150
2008-05-02,1695.740
2008-05-05,1697.430
2008-05-06,1693.030
2008-05-07,1696.840
2008-05-08,1703.500
2008-05-09,1707.300
2008-05-12,1707.100
2008-05-13,1693.880
2008-05-14,1690.970
2008-05-15,1700.130
2008-05-16,1700.760
2008-05-19,1703.140
2008-05-20,1708.050
2008-05-21,1703.290
2008-05-22,1691.710
2008-05-23,1699.370
2008-05-26,1700.230
2008-05-27,1689.940
2008-05-28,1683.200
2008-05-29,1677.030
2008-05-30,1681.810
2008-05-31,1681.840
2008-06-02,1689.330
2008-06-03,1696.750
2008-06-04,1691.040
2008-06-05,1685.250
2008-06-06,1694.830
2008-06-09,1689.100
2008-06-10,1676.580
2008-06-11,1678.930
2008-06-12,1666.860
2008-06-13,1662.570
2008-06-16,1664.370
2008-06-17,1667.200
2008-06-18,1673.700
2008-06-19,1667.570
2008-06-20,1671.890
2008-06-23,1667.980
2008-06-24,1672.590
2008-06-25,1671.880
2008-06-26,1674.650
2008-06-27,1677.340
2008-06-30,1675.390
2008-07-01,1671.810
2008-07-02,1675.670
2008-07-03,1674.010
2008-07-04,1674.300
2008-07-07,1679.660
2008-07-08,1681.570
2008-07-09,1684.480
2008-07-10,1684.830
2008-07-11,1668.560
2008-07-14,1675.240
2008-07-15,1673.100
2008-07-16,1660.830
2008-07-17,1651.700
2008-07-18,1648.420
2008-07-21,1651.080
2008-07-22,1647.890
2008-07-23,1645.290
2008-07-24,1657.710
2008-07-25,1649.070
2008-07-28,1657.990
2008-07-29,1655.880
2008-07-30,1654.920
2008-07-31,1660.960
2008-08-01,1664.520
2008-08-04,1663.540
2008-08-05,1660.830
2008-08-06,1656.580
2008-08-07,1669.120
2008-08-08,1668.140
2008-08-11,1663.010
2008-08-12,1669.970
2008-08-13,1666.390
2008-08-14,1670.870
2008-08-15,1674.630
2008-08-18,1678.000
2008-08-19,1674.090
2008-08-20,1676.560
2008-08-21,1671.240
2008-08-22,1668.020
2008-08-25,1675.430
2008-08-26,1674.530
2008-08-27,1676.250
2008-08-28,1674.150
2008-08-29,1672.330
2008-08-31,1672.620
2008-09-01,1672.910
2008-09-02,1679.630
2008-09-03,1683.090
2008-09-04,1686.820
2008-09-05,1684.480
2008-09-08,1684.890
2008-09-09,1689.440
2008-09-10,1681.650
2008-09-11,1674.710
2008-09-12,1660.310
2008-09-15,1648.920
2008-09-16,1619.830
2008-09-17,1612.410
2008-09-18,1599.720
2008-09-19,1593.400
2008-09-22,1595.780
2008-09-23,1588.610
2008-09-24,1590.450
2008-09-25,1571.960
2008-09-26,1554.000
2008-09-29,1571.470
2008-09-30,1549.890
2008-10-01,1552.060
2008-10-02,1542.140
2008-10-03,1541.130
2008-10-06,1548.590
2008-10-07,1536.080
2008-10-08,1510.300
2008-10-09,1494.850
2008-10-10,1460.780
2008-10-13,1461.650
2008-10-14,1470.880
2008-10-15,1469.960
2008-10-16,1460.390
2008-10-17,1447.460
2008-10-20,1447.620
2008-10-21,1457.380
2008-10-22,1462.430
2008-10-23,1467.190
2008-10-24,1451.660
2008-10-27,1445.690
2008-10-28,1439.780
2008-10-29,1436.390
2008-10-30,1434.980
2008-10-31,1435.490
2008-11-03,1442.790
2008-11-04,1456.550
2008-11-05,1466.790
2008-11-06,1468.070
2008-11-07,1464.880
2008-11-10,1473.530
2008-11-11,1473.820
2008-11-12,1481.140
2008-11-13,1472.970
2008-11-14,1478.870
2008-11-17,1480.360
2008-11-18,1485.090
2008-11-19,1489.190
2008-11-20,1493.170
2008-11-21,1479.670
2008-11-24,1469.460
2008-11-25,1482.470
2008-11-26,1486.540
2008-11-27,1486.830
2008-11-28,1490.580
2008-11-30,1491.160
2008-12-01,1507.200
2008-12-02,1504.230
2008-12-03,1504.210
2008-12-04,1510.560
2008-12-05,1502.800
2008-12-08,1500.450
2008-12-09,1508.160
2008-12-10,1507.560
2008-12-11,1512.780
2008-12-12,1515.980
2008-12-15,1520.710
2008-12-16,1533.710
2008-12-17,1550.250
2008-12-18,1564.800
2008-12-19,1564.830
2008-12-22,1564.090
2008-12-23,1564.360
2008-12-24,1566.310
2008-12-25,
2008-12-26,1571.990
2008-12-29,1575.500
2008-12-30,1582.290
2008-12-31,1573.980
2009-01-01,
2009-01-02,1561.710
2009-01-05,1561.420
2009-01-06,1571.170
2009-01-07,1580.120
2009-01-08,1588.510
2009-01-09,1594.880
2009-01-12,1604.570
2009-01-13,1604.490
2009-01-14,1608.510
2009-01-15,1607.070
2009-01-16,1607.750
2009-01-19,1608.630
2009-01-20,1602.570
2009-01-21,1585.480
2009-01-22,1580.560
2009-01-23,1577.810
2009-01-26,1578.420
2009-01-27,1592.960
2009-01-28,1586.240
2009-01-29,1577.770
2009-01-30,1579.190
2009-01-31,1579.220
2009-02-02,1590.460
2009-02-03,1579.940
2009-02-04,1576.920
2009-02-05,1581.290
2009-02-06,1579.060
2009-02-09,1580.740
2009-02-10,1598.360
2009-02-11,1606.190
2009-02-12,1606.460
2009-02-13,1589.690
2009-02-16,1590.580
2009-02-17,1604.640
2009-02-18,1593.750
2009-02-19,1580.480
2009-02-20,1580.180
2009-02-23,1579.070
2009-02-24,1570.790
2009-02-25,1559.770
2009-02-26,1556.230
2009-02-27,1553.740
2009-02-28,1554.620
2009-03-02,1559.520
2009-03-03,1550.340
2009-03-04,1539.320
2009-03-05,1548.190
2009-03-06,1541.810
2009-03-09,1532.110
2009-03-10,1521.770
2009-03-11,1525.730
2009-03-12,1528.490
2009-03-13,1529.280
2009-03-16,1525.870
2009-03-17,1522.570
2009-03-18,1552.800
2009-03-19,1548.010
2009-03-20,1546.020
2009-03-23,1544.380
2009-03-24,1547.400
2009-03-25,1538.100
2009-03-26,1544.330
2009-03-27,1545.750
2009-03-30,1548.930
2009-03-31,1551.400
2009-04-01,1554.890
2009-04-02,1550.410
2009-04-03,1539.610
2009-04-06,1540.750
2009-04-07,1546.250
2009-04-08,1554.850
2009-04-09,1553.450
2009-04-10,
2009-04-13,1564.660
2009-04-14,1573.430
2009-04-15,1580.340
2009-04-16,1580.010
2009-04-17,1578.900
2009-04-20,1591.020
2009-04-21,1587.150
2009-04-22,1583.630
2009-04-23,1589.050
2009-04-24,1587.260
2009-04-27,1595.740
2009-04-28,1592.010
2009-04-29,1592.850
2009-04-30,1599.250
2009-05-01,1601.940
2009-05-04,1607.160
2009-05-05,1613.410
2009-05-06,1619.510
2009-05-07,1618.340
2009-05-08,1626.600
2009-05-11,1637.330
2009-05-12,1640.090
2009-05-13,1645.540
2009-05-14,1644.720
2009-05-15,1644.750
2009-05-18,1639.490
2009-05-19,1642.330
2009-05-20,1653.130
2009-05-21,1644.880
2009-05-22,1640.400
2009-05-25,1641.280
2009-05-26,1642.510
2009-05-27,1636.020
2009-05-28,1644.800
2009-05-29,1668.280
2009-05-31,1668.570
2009-06-01,1654.340
2009-06-02,1669.990
2009-06-03,1682.870
2009-06-04,1671.950
2009-06-05,1661.930
2009-06-08,1664.110
2009-06-09,1669.370
2009-06-10,1667.950
2009-06-11,1678.860
2009-06-12,1686.720
2009-06-15,1695.690
2009-06-16,1700.660
2009-06-17,1702.150
2009-06-18,1687.960
2009-06-19,1696.170
2009-06-22,1705.640
2009-06-23,1710.180
2009-06-24,1705.820
2009-06-25,1716.640
2009-06-26,1719.360
2009-06-29,1719.740
2009-06-30,1719.220
2009-07-01,1719.170
2009-07-02,1725.170
2009-07-03,1725.470
2009-07-06,1725.450
2009-07-07,1730.230
2009-07-08,1745.170
2009-07-09,1732.970
2009-07-10,1744.150
2009-07-13,1741.900
2009-07-14,1734.160
2009-07-15,1725.190
2009-07-16,1733.090
2009-07-17,1730.720
2009-07-20,1741.730
2009-07-21,1755.710
2009-07-22,1749.380
2009-07-23,1738.370
2009-07-24,1745.490
2009-07-27,1745.150
2009-07-28,1750.890
2009-07-29,1758.360
2009-07-30,1768.950
2009-07-31,1787.090
2009-08-03,1778.360
2009-08-04,1779.680
2009-08-05,1776.340
2009-08-06,1784.010
2009-08-07,1776.690
2009-08-10,1788.760
2009-08-11,1794.030
2009-08-12,1790.080
2009-08-13,1801.850
2009-08-14,1804.370
2009-08-17,1807.670
2009-08-18,1803.080
2009-08-19,1809.050
2009-08-20,1811.650
2009-08-21,1800.860
2009-08-24,1810.390
2009-08-25,1816.710
2009-08-26,1819.420
2009-08-27,1818.430
2009-08-28,1821.420
2009-08-31,1825.740
2009-09-01,1827.010
2009-09-02,1835.430
2009-09-03,1832.290
2009-09-04,1822.690
2009-09-07,1823.580
2009-09-08,1823.070
2009-09-09,1823.760
2009-09-10,1841.380
2009-09-11,1844.120
2009-09-14,1840.070
2009-09-15,1839.270
2009-09-16,1840.570
2009-09-17,1849.510
2009-09-18,1844.040
2009-09-21,1844.550
2009-09-22,1850.100
2009-09-23,1853.870
2009-09-24,1857.230
2009-09-25,1861.950
2009-09-28,1865.810
2009-09-29,1865.220
2009-09-30,1862.310
2009-10-01,1871.050
2009-10-02,1866.020
2009-10-05,1867.390
2009-10-06,1867.480
2009-10-07,1875.880
2009-10-08,1867.830
2009-10-09,1854.820
2009-10-12,1855.720
2009-10-13,1865.250
2009-10-14,1855.640
2009-10-15,1852.210
2009-10-16,1859.070
2009-10-19,1863.340
2009-10-20,1871.640
2009-10-21,1865.690
2009-10-22,1866.170
2009-10-23,1862.770
2009-10-26,1857.500
2009-10-27,1869.350
2009-10-28,1874.290
2009-10-29,1864.460
2009-10-30,1877.490
2009-10-31,1877.520
2009-11-02,1874.720
2009-11-03,1869.120
2009-11-04,1862.250
2009-11-05,1866.200
2009-11-06,1870.640
2009-11-09,1872.950
2009-11-10,1873.550
2009-11-11,1873.850
2009-11-12,1877.980
2009-11-13,1880.540
2009-11-16,1892.140
2009-11-17,1893.760
2009-11-18,1889.480
2009-11-19,1892.150
2009-11-20,1891.100
2009-11-23,1891.610
2009-11-24,1896.330
2009-11-25,1899.250
2009-11-26,1899.540
2009-11-27,1904.010
2009-11-30,1904.090
2009-12-01,1897.360
2009-12-02,1895.360
2009-12-03,1892.520
2009-12-04,1883.450
2009-12-07,1890.070
2009-12-08,1896.940
2009-12-09,1895.090
2009-12-10,1890.450
2009-12-11,1889.140
2009-12-14,1892.740
2009-12-15,1888.710
2009-12-16,1890.940
2009-12-17,1904.800
2009-12-18,1900.820
2009-12-21,1889.800
2009-12-22,1886.230
2009-12-23,1886.710
2009-12-24,1881.640
2009-12-25,
2009-12-28,1879.920
2009-12-29,1885.240
2009-12-30,1890.060
2009-12-31,1885.000
2010-01-01,
2010-01-04,1888.620
2010-01-05,1901.410
2010-01-06,1898.350
2010-01-07,1898.990
2010-01-08,1903.220
2010-01-11,1904.370
2010-01-12,1915.340
2010-01-13,1908.250
2010-01-14,1914.970
2010-01-15,1919.630
2010-01-18,1920.530
2010-01-19,1916.160
2010-01-20,1921.490
2010-01-21,1925.870
2010-01-22,1924.590
2010-01-25,1919.190
2010-01-26,1918.720
2010-01-27,1917.410
2010-01-28,1915.880
2010-01-29,1922.560
2010-01-31,1922.860
2010-02-01,1916.060
2010-02-02,1919.430
2010-02-03,1912.940
2010-02-04,1920.320
2010-02-05,1924.320
2010-02-08,1919.160
2010-02-09,1912.970
2010-02-10,1905.850
2010-02-11,1902.670
2010-02-12,1906.100
2010-02-15,1907.000
2010-02-16,1909.640
2010-02-17,1901.800
2010-02-18,1899.170
2010-02-19,1903.250
2010-02-22,1904.260
2010-02-23,1916.370
2010-02-24,1916.230
2010-02-25,1922.340
2010-02-26,1928.870
2010-02-28,1930.070
2010-03-01,1926.960
2010-03-02,1929.650
2010-03-03,1928.880
2010-03-04,1931.800
2010-03-05,1925.540
2010-03-08,1925.810
2010-03-09,1927.980
2010-03-10,1927.280
2010-03-11,1928.780
2010-03-12,1931.420
2010-03-15,1933.120
2010-03-16,1940.190
2010-03-17,1942.750
2010-03-18,1941.170
2010-03-19,1940.830
2010-03-22,1944.390
2010-03-23,1943.130
2010-03-24,1928.590
2010-03-25,1923.860
2010-03-26,1929.440
2010-03-29,1930.510
2010-03-30,1931.020
2010-03-31,1936.760
2010-04-01,1935.170
2010-04-02,
2010-04-05,1922.580
2010-04-06,1925.760
2010-04-07,1938.270
2010-04-08,1935.760
2010-04-09,1937.750
2010-04-12,1944.310
2010-04-13,1949.230
2010-04-14,1946.390
2010-04-15,1949.350
2010-04-16,1957.510
2010-04-19,1953.410
2010-04-20,1955.550
2010-04-21,1963.380
2010-04-22,1958.940
2010-04-23,1954.460
2010-04-26,1954.700
2010-04-27,1967.120
2010-04-28,1957.230
2010-04-29,1963.510
2010-04-30,1970.810
2010-05-03,1966.140
2010-05-04,1974.080
2010-05-05,1975.550
2010-05-06,1982.800
2010-05-07,1964.370
2010-05-10,1961.370
2010-05-11,1959.630
2010-05-12,1958.400
2010-05-13,1961.810
2010-05-14,1972.840
2010-05-17,1969.850
2010-05-18,1978.790
2010-05-19,1973.210
2010-05-20,1973.430
2010-05-21,1976.750
2010-05-24,1972.100
2010-05-25,1969.910
2010-05-26,1963.840
2010-05-27,1952.380
2010-05-28,1958.950
2010-05-31,1959.550
2010-06-01,1958.740
2010-06-02,1952.550
2010-06-03,1950.710
2010-06-04,1968.990
2010-06-07,1968.490
2010-06-08,1967.320
2010-06-09,1964.440
2010-06-10,1949.460
2010-06-11,1961.130
2010-06-14,1956.960
2010-06-15,1954.220
2010-06-16,1959.150
2010-06-17,1970.580
2010-06-18,1968.420
2010-06-21,1970.540
2010-06-22,1978.670
2010-06-23,1983.690
2010-06-24,1980.810
2010-06-25,1982.870
2010-06-28,1991.880
2010-06-29,1997.340
2010-06-30,1999.870
2010-07-01,2002.220
2010-07-02,1996.440
2010-07-05,1997.340
2010-07-06,2004.820
2010-07-07,1999.640
2010-07-08,1997.680
2010-07-09,1995.730
2010-07-12,1998.760
2010-07-13,1995.440
2010-07-14,2005.010
2010-07-15,2014.090
2010-07-16,2019.190
2010-07-19,2016.570
2010-07-20,2020.140
2010-07-21,2027.740
2010-07-22,2024.180
2010-07-23,2019.090
2010-07-26,2022.910
2010-07-27,2021.130
2010-07-28,2027.380
2010-07-29,2029.570
2010-07-30,2040.770
2010-07-31,2040.800
2010-08-02,2034.630
2010-08-03,2041.830
2010-08-04,2038.660
2010-08-05,2042.020
2010-08-06,2051.170
2010-08-09,2051.110
2010-08-10,2051.920
2010-08-11,2060.000
2010-08-12,2056.010
2010-08-13,2062.340
2010-08-16,2076.680
2010-08-17,2070.230
2010-08-18,2073.670
2010-08-19,2081.260
2010-08-20,2077.390
2010-08-23,2078.530
2010-08-24,2088.970
2010-08-25,2083.250
2010-08-26,2087.350
2010-08-27,2068.530
2010-08-30,2080.460
2010-08-31,2085.470
2010-09-01,2073.680
2010-09-02,2069.210
2010-09-03,2064.320
2010-09-06,2065.220
2010-09-07,2078.330
2010-09-08,2073.200
2010-09-09,2060.450
2010-09-10,2059.100
2010-09-13,2068.410
2010-09-14,2077.140
2010-09-15,2069.960
2010-09-16,2066.250
2010-09-17,2068.560
2010-09-20,2074.100
2010-09-21,2086.520
2010-09-22,2090.240
2010-09-23,2089.780
2010-09-24,2084.020
2010-09-27,2095.710
2010-09-28,2102.070
2010-09-29,2097.130
2010-09-30,2097.780
2010-10-01,2097.010
2010-10-04,2101.340
2010-10-05,2103.290
2010-10-06,2112.990
2010-10-07,2112.630
2010-10-08,2113.410
2010-10-11,2114.320
2010-10-12,2109.900
2010-10-13,2109.670
2010-10-14,2100.170
2010-10-15,2091.160
2010-10-18,2101.120
2010-10-19,2104.170
2010-10-20,2104.740
2010-10-21,2100.040
2010-10-22,2099.930
2010-10-25,2104.270
2010-10-26,2094.970
2010-10-27,2089.770
2010-10-28,2094.480
2010-10-29,2101.880
2010-10-31,2102.190
2010-11-01,2101.000
2010-11-02,2108.620
2010-11-03,2102.040
2010-11-04,2115.950
2010-11-05,2109.510
2010-11-08,2108.790
2010-11-09,2096.550
2010-11-10,2098.910
2010-11-11,2099.210
2010-11-12,2087.580
2010-11-15,2070.710
2010-11-16,2078.930
2010-11-17,2076.760
2010-11-18,2075.450
2010-11-19,2078.070
2010-11-22,2085.700
2010-11-23,2088.770
2010-11-24,2071.990
2010-11-25,2072.290
2010-11-26,2080.260
2010-11-29,2082.740
2010-11-30,2084.210
2010-12-01,2066.830
2010-12-02,2064.470
2010-12-03,2064.400
2010-12-06,2075.420
2010-12-07,2053.980
2010-12-08,2048.510
2010-12-09,2052.170
2010-12-10,2048.070
2010-12-13,2053.070
2010-12-14,2035.520
2010-12-15,2030.610
2010-12-16,2034.820
2010-12-17,2053.190
2010-12-20,2050.710
2010-12-21,2053.780
2010-12-22,2051.850
2010-12-23,2047.480
2010-12-24,2047.780
2010-12-27,2053.710
2010-12-28,2040.440
2010-12-29,2057.420
2010-12-30,2055.090
2010-12-31,2064.450
2011-01-03,2062.600
2011-01-04,2062.700
2011-01-05,2049.000
2011-01-06,2056.020
2011-01-07,2064.580
2011-01-10,2066.660
2011-01-11,2065.330
2011-01-12,2064.120
2011-01-13,2070.290
2011-01-14,2066.700
2011-01-17,2067.610
2011-01-18,2065.020
2011-01-19,2069.530
2011-01-20,2056.990
2011-01-21,2063.080
2011-01-24,2065.820
2011-01-25,2075.470
2011-01-26,2063.970
2011-01-27,2069.780
2011-01-28,2074.450
2011-01-31,2069.340
2011-02-01,2064.400
2011-02-02,2060.480
2011-02-03,2056.490
2011-02-04,2048.010
2011-02-07,2052.140
2011-02-08,2045.230
2011-02-09,2054.380
2011-02-10,2046.730
2011-02-11,2053.100
2011-02-14,2057.790
2011-02-15,2058.760
2011-02-16,2058.390
2011-02-17,2063.920
2011-02-18,2062.520
2011-02-21,2063.420
2011-02-22,2075.970
2011-02-23,2072.570
2011-02-24,2076.710
2011-02-25,2079.170
2011-02-28,2084.000
2011-03-01,2084.910
2011-03-02,2078.680
2011-03-03,2068.110
2011-03-04,2077.560
2011-03-07,2077.510
2011-03-08,2072.960
2011-03-09,2081.040
2011-03-10,2088.350
2011-03-11,2088.210
2011-03-14,2093.450
2011-03-15,2092.010
2011-03-16,2102.480
2011-03-17,2097.780
2011-03-18,2097.030
2011-03-21,2094.030
2011-03-22,2094.380
2011-03-23,2092.900
2011-03-24,2088.750
2011-03-25,2084.430
2011-03-28,2085.310
2011-03-29,2079.870
2011-03-30,2083.630
2011-03-31,2084.570
2011-04-01,2085.650
2011-04-04,2089.430
2011-04-05,2085.270
2011-04-06,2080.650
2011-04-07,2080.790
2011-04-08,2080.230
2011-04-11,2081.640
2011-04-12,2089.170
2011-04-13,2093.440
2011-04-14,2091.650
2011-04-15,2101.050
2011-04-18,2104.770
2011-04-19,2106.980
2011-04-20,2103.440
2011-04-21,2102.900
2011-04-22,
2011-04-25,2107.880
2011-04-26,2114.870
2011-04-27,2109.360
2011-04-28,2116.360
2011-04-29,2119.670
2011-04-30,2119.970
2011-05-02,2121.880
2011-05-03,2126.230
2011-05-04,2129.580
2011-05-05,2135.280
2011-05-06,2135.890
2011-05-09,2137.590
2011-05-10,2132.260
2011-05-11,2137.050
2011-05-12,2131.130
2011-05-13,2135.880
2011-05-16,2141.140
2011-05-17,2144.660
2011-05-18,2138.030
2011-05-19,2138.670
2011-05-20,2140.490
2011-05-23,2142.510
2011-05-24,2143.340
2011-05-25,2140.630
2011-05-26,2148.650
2011-05-27,2147.680
2011-05-30,2148.560
2011-05-31,2150.320
2011-06-01,2158.680
2011-06-02,2147.450
2011-06-03,2150.570
2011-06-06,2148.970
2011-06-07,2149.040
2011-06-08,2154.480
2011-06-09,2149.120
2011-06-10,2152.440
2011-06-13,2149.440
2011-06-14,2137.870
2011-06-15,2151.270
2011-06-16,2155.070
2011-06-17,2150.700
2011-06-20,2149.810
2011-06-21,2148.610
2011-06-22,2147.850
2011-06-23,2155.220
2011-06-24,2156.620
2011-06-27,2146.180
2011-06-28,2135.380
2011-06-29,2132.460
2011-06-30,2132.410
2011-07-01,2130.810
2011-07-04,2131.710
2011-07-05,2138.530
2011-07-06,2143.020
2011-07-07,2139.320
2011-07-08,2154.590
2011-07-11,2163.060
2011-07-12,2163.080
2011-07-13,2165.510
2011-07-14,2158.920
2011-07-15,2160.390
2011-07-18,2157.570
2011-07-19,2162.540
2011-07-20,2157.860
2011-07-21,2151.520
2011-07-22,2158.810
2011-07-25,2153.830
2011-07-26,2161.100
2011-07-27,2159.540
2011-07-28,2164.130
2011-07-29,2181.040
2011-07-31,2181.340
2011-08-01,2188.840
2011-08-02,2203.530
2011-08-03,2205.100
2011-08-04,2217.120
2011-08-05,2200.580
2011-08-08,2202.400
2011-08-09,2212.190
2011-08-10,2210.410
2011-08-11,2176.970
2011-08-12,2191.220
2011-08-15,2184.490
2011-08-16,2194.470
2011-08-17,2201.180
2011-08-18,2205.770
2011-08-19,2204.820
2011-08-22,2201.690
2011-08-23,2186.560
2011-08-24,2167.600
2011-08-25,2174.770
2011-08-26,2178.470
2011-08-29,2170.100
2011-08-30,2184.180
2011-08-31,2183.580
2011-09-01,2194.380
2011-09-02,2208.800
2011-09-05,2209.710
2011-09-06,2206.900
2011-09-07,2199.590
2011-09-08,2204.870
2011-09-09,2208.370
2011-09-12,2200.330
2011-09-13,2190.910
2011-09-14,2190.490
2011-09-15,2183.440
2011-09-16,2185.840
2011-09-19,2198.890
2011-09-20,2197.100
2011-09-21,2205.900
2011-09-22,2209.180
2011-09-23,2191.440
2011-09-26,2178.860
2011-09-27,2169.170
2011-09-28,2170.570
2011-09-29,2177.490
2011-09-30,2180.660
2011-10-03,2191.440
2011-10-04,2178.070
2011-10-05,2164.610
2011-10-06,2160.830
2011-10-07,2157.440
2011-10-10,2158.350
2011-10-11,2154.850
2011-10-12,2154.860
2011-10-13,2165.350
2011-10-14,2163.020
2011-10-17,2174.140
2011-10-18,2176.000
2011-10-19,2183.370
2011-10-20,2182.540
2011-10-21,2184.590
2011-10-24,2186.580
2011-10-25,2205.120
2011-10-26,2197.500
2011-10-27,2190.350
2011-10-28,2205.210
2011-10-31,2218.920
2011-11-01,2229.780
2011-11-02,2230.360
2011-11-03,2223.570
2011-11-04,2226.100
2011-11-07,2230.970
2011-11-08,2220.030
2011-11-09,2223.590
2011-11-10,2211.810
2011-11-11,2212.110
2011-11-14,2211.470
2011-11-15,2206.070
2011-11-16,2207.350
2011-11-17,2209.160
2011-11-18,2201.820
2011-11-21,2200.690
2011-11-22,2196.800
2011-11-23,2201.440
2011-11-24,2201.740
2011-11-25,2190.000
2011-11-28,2191.580
2011-11-29,2184.650
2011-11-30,2177.510
2011-12-01,2174.010
2011-12-02,2190.570
2011-12-05,2195.500
2011-12-06,2190.670
2011-12-07,2200.090
2011-12-08,2203.230
2011-12-09,2192.210
2011-12-12,2196.140
2011-12-13,2202.030
2011-12-14,2208.310
2011-12-15,2205.860
2011-12-16,2214.150
2011-12-19,2219.100
2011-12-20,2206.270
2011-12-21,2200.290
2011-12-22,2203.560
2011-12-23,2193.080
2011-12-26,
2011-12-27,2197.340
2011-12-28,2213.460
2011-12-29,2214.830
2011-12-30,2219.420
2011-12-31,2219.450
2012-01-02,
2012-01-03,2213.170
2012-01-04,2211.030
2012-01-05,2211.840
2012-01-06,2217.880
2012-01-09,2219.690
2012-01-10,2221.220
2012-01-11,2228.550
2012-01-12,2227.560
2012-01-13,2235.900
2012-01-16,2236.810
2012-01-17,2239.560
2012-01-18,2235.410
2012-01-19,2230.930
2012-01-20,2226.880
2012-01-23,2225.990
2012-01-24,2228.200
2012-01-25,2235.530
2012-01-26,2248.830
2012-01-27,2254.600
2012-01-30,2261.820
2012-01-31,2267.900
2012-02-01,2264.210
2012-02-02,2268.960
2012-02-03,2259.310
2012-02-06,2268.810
2012-02-07,2263.720
2012-02-08,2266.120
2012-02-09,2262.200
2012-02-10,2269.950
2012-02-13,2266.430
2012-02-14,2275.150
2012-02-15,2273.100
2012-02-16,2263.920
2012-02-17,2265.100
2012-02-20,2266.010
2012-02-21,2263.610
2012-02-22,2270.670
2012-02-23,2274.070
2012-02-24,2277.740
2012-02-27,2286.000
2012-02-28,2287.980
2012-02-29,2287.150
2012-03-01,2282.530
2012-03-02,2290.840
2012-03-05,2287.930
2012-03-06,2290.060
2012-03-07,2286.590
2012-03-08,2282.400
2012-03-09,2280.780
2012-03-12,2283.290
2012-03-13,2275.010
2012-03-14,2258.500
2012-03-15,2260.570
2012-03-16,2261.820
2012-03-19,2254.490
2012-03-20,2256.040
2012-03-21,2266.240
2012-03-22,2267.460
2012-03-23,2271.790
2012-03-26,2271.920
2012-03-27,2278.430
2012-03-28,2277.450
2012-03-29,2280.840
2012-03-30,2273.610
2012-03-31,2273.650
2012-04-02,2276.120
2012-04-03,2266.270
2012-04-04,2269.500
2012-04-05,2274.710
2012-04-06,
2012-04-09,2287.680
2012-04-10,2290.930
2012-04-11,2284.940
2012-04-12,2283.910
2012-04-13,2291.050
2012-04-16,2294.590
2012-04-17,2291.350
2012-04-18,2294.160
2012-04-19,2297.170
2012-04-20,2294.890
2012-04-23,2298.780
2012-04-24,2295.360
2012-04-25,2293.660
2012-04-26,2296.620
2012-04-27,2300.380
2012-04-30,2302.660
2012-05-01,2299.100
2012-05-02,2305.380
2012-05-03,2307.160
2012-05-04,2312.240
2012-05-07,2312.240
2012-05-08,2316.420
2012-05-09,2313.490
2012-05-10,2311.660
2012-05-11,2315.760
2012-05-14,2317.380
2012-05-15,2315.890
2012-05-16,2312.640
2012-05-17,2313.640
2012-05-18,2306.420
2012-05-21,2302.510
2012-05-22,2295.230
2012-05-23,2302.670
2012-05-24,2297.160
2012-05-25,2299.180
2012-05-28,2300.090
2012-05-29,2301.910
2012-05-30,2311.760
2012-05-31,2315.990
2012-06-01,2324.170
2012-06-04,2316.910
2012-06-05,2312.660
2012-06-06,2305.170
2012-06-07,2308.210
2012-06-08,2309.890
2012-06-11,2316.560
2012-06-12,2307.720
2012-06-13,2315.600
2012-06-14,2315.450
2012-06-15,2320.680
2012-06-18,2322.320
2012-06-19,2320.590
2012-06-20,2321.510
2012-06-21,2327.850
2012-06-22,2321.800
2012-06-25,2330.640
2012-06-26,2327.820
2012-06-27,2329.120
2012-06-28,2333.730
2012-06-29,2327.240
2012-06-30,2327.550
2012-07-02,2341.000
2012-07-03,2336.170
2012-07-04,2336.470
2012-07-05,2341.370
2012-07-06,2348.660
2012-07-09,2353.860
2012-07-10,2357.930
2012-07-11,2359.930
2012-07-12,2363.820
2012-07-13,2364.440
2012-07-16,2372.260
2012-07-17,2370.890
2012-07-18,2378.660
2012-07-19,2378.610
2012-07-20,2385.460
2012-07-23,2386.880
2012-07-24,2391.270
2012-07-25,2391.310
2012-07-26,2390.380
2012-07-27,2379.370
2012-07-30,2390.100
2012-07-31,2392.890
2012-08-01,2388.220
2012-08-02,2395.970
2012-08-03,2384.410
2012-08-06,2390.470
2012-08-07,2382.060
2012-08-08,2380.790
2012-08-09,2380.000
2012-08-10,2385.500
2012-08-13,2384.120
2012-08-14,2375.130
2012-08-15,2364.270
2012-08-16,2360.810
2012-08-17,2364.530
2012-08-20,2366.610
2012-08-21,2369.370
2012-08-22,2381.190
2012-08-23,2387.370
2012-08-24,2385.470
2012-08-27,2390.670
2012-08-28,2392.750
2012-08-29,2389.950
2012-08-30,2394.070
2012-08-31,2402.450
2012-09-03,2403.350
2012-09-04,2401.420
2012-09-05,2400.080
2012-09-06,2391.010
2012-09-07,2394.300
2012-09-10,2393.990
2012-09-11,2394.970
2012-09-12,2389.080
2012-09-13,2390.440
2012-09-14,2385.240
2012-09-17,2393.110
2012-09-18,2397.460
2012-09-19,2402.180
2012-09-20,2403.080
2012-09-21,2405.310
2012-09-24,2411.070
2012-09-25,2414.690
2012-09-26,2421.120
2012-09-27,2418.030
2012-09-28,2419.600
2012-09-30,2420.200
2012-10-01,2424.100
2012-10-02,2427.680
2012-10-03,2427.940
2012-10-04,2425.030
2012-10-05,2418.950
2012-10-08,2419.850
2012-10-09,2424.240
2012-10-10,2429.630
2012-10-11,2435.200
2012-10-12,2440.160
2012-10-15,2443.210
2012-10-16,2440.010
2012-10-17,2434.870
2012-10-18,2435.640
2012-10-19,2443.120
2012-10-22,2440.110
2012-10-23,2441.190
2012-10-24,2440.020
2012-10-25,2433.700
2012-10-26,2441.870
2012-10-29,2447.740
2012-10-30,
2012-10-31,2452.050
2012-11-01,2447.230
2012-11-02,2445.340
2012-11-05,2451.000
2012-11-06,2442.930
2012-11-07,2452.280
2012-11-08,2456.660
2012-11-09,2455.470
2012-11-12,2456.370
2012-11-13,2454.950
2012-11-14,2453.730
2012-11-15,2451.050
2012-11-16,2451.150
2012-11-19,2447.520
2012-11-20,2441.710
2012-11-21,2438.760
2012-11-22,2439.060
2012-11-23,2438.750
2012-11-26,2443.880
2012-11-27,2446.800
2012-11-28,2449.100
2012-11-29,2448.580
2012-11-30,2450.040
2012-12-03,2448.840
2012-12-04,2452.370
2012-12-05,2454.000
2012-12-06,2456.010
2012-12-07,2450.210
2012-12-10,2452.880
2012-12-11,2449.200
2012-12-12,2443.330
2012-12-13,2441.380
2012-12-14,2445.620
2012-12-17,2439.110
2012-12-18,2431.200
2012-12-19,2438.160
2012-12-20,2439.140
2012-12-21,2446.620
2012-12-24,2444.100
2012-12-25,
2012-12-26,2445.730
2012-12-27,2453.410
2012-12-28,2454.310
2012-12-31,2449.560
2013-01-01,
2013-01-02,2442.110
2013-01-03,2437.240
2013-01-04,2438.350
2013-01-07,2442.180
2013-01-08,2446.510
2013-01-09,2449.270
2013-01-10,2445.490
2013-01-11,2448.680
2013-01-14,2449.820
2013-01-15,2451.880
2013-01-16,2451.470
2013-01-17,2445.000
2013-01-18,2449.680
2013-01-21,2450.560
2013-01-22,2451.920
2013-01-23,2451.590
2013-01-24,2450.490
2013-01-25,2438.240
2013-01-28,2435.920
2013-01-29,2434.040
2013-01-30,2430.590
2013-01-31,2431.990
2013-02-01,2428.750
2013-02-04,2432.720
2013-02-05,2427.320
2013-02-06,2432.810
2013-02-07,2435.220
2013-02-08,2434.820
2013-02-11,2436.950
2013-02-12,2432.140
2013-02-13,2428.270
2013-02-14,2434.950
2013-02-15,2433.590
2013-02-18,2434.470
2013-02-19,2430.660
2013-02-20,2431.410
2013-02-21,2436.990
2013-02-22,2438.930
2013-02-25,2449.180
2013-02-26,2449.380
2013-02-27,2446.240
2013-02-28,2449.180
2013-03-01,2452.960
2013-03-04,2450.280
2013-03-05,2449.220
2013-03-06,2444.030
2013-03-07,2437.660
2013-03-08,2431.280
2013-03-11,2432.370
2013-03-12,2437.580
2013-03-13,2437.700
2013-03-14,2435.610
2013-03-15,2440.210
2013-03-18,2445.050
2013-03-19,2451.290
2013-03-20,2446.090
2013-03-21,2446.640
2013-03-22,2447.910
2013-03-25,2448.290
2013-03-26,2448.180
2013-03-27,2452.840
2013-03-28,2450.210
2013-03-29,
2013-03-31,2450.800
2013-04-01,2453.940
2013-04-02,2451.580
2013-04-03,2458.600
2013-04-04,2468.200
2013-04-05,2481.130
2013-04-08,2477.760
2013-04-09,2476.710
2013-04-10,2469.300
2013-04-11,2471.830
2013-04-12,2481.680
2013-04-15,2484.950
2013-04-16,2482.410
2013-04-17,2483.630
2013-04-18,2485.810
2013-04-19,2483.630
2013-04-22,2485.630
2013-04-23,2486.480
2013-04-24,2487.460
2013-04-25,2486.100
2013-04-26,2493.280
2013-04-29,2492.490
2013-04-30,2492.460
2013-05-01,2498.940
2013-05-02,2501.050
2013-05-03,2486.240
2013-05-06,2484.120
2013-05-07,2483.710
2013-05-08,2487.060
2013-05-09,2485.430
2013-05-10,2473.050
2013-05-13,2469.860
2013-05-14,2466.440
2013-05-15,2468.050
2013-05-16,2479.010
2013-05-17,2467.900
2013-05-20,2467.300
2013-05-21,2470.150
2013-05-22,2461.010
2013-05-23,2461.000
2013-05-24,2463.050
2013-05-27,2463.940
2013-05-28,2447.560
2013-05-29,2444.650
2013-05-30,2442.770
2013-05-31,2435.610
2013-06-03,2437.280
2013-06-04,2432.610
2013-06-05,2431.030
2013-06-06,2432.560
2013-06-07,2421.040
2013-06-10,2413.920
2013-06-11,2410.610
2013-06-12,2405.510
2013-06-13,2412.210
2013-06-14,2422.270
2013-06-17,2417.280
2013-06-18,2414.910
2013-06-19,2398.480
2013-06-20,2372.130
2013-06-21,2359.950
2013-06-24,2348.220
2013-06-25,2344.100
2013-06-26,2353.210
2013-06-27,2363.040
2013-06-28,2367.810
2013-06-30,2368.390
2013-07-01,2369.990
2013-07-02,2375.110
2013-07-03,2370.540
2013-07-04,2370.830
2013-07-05,2345.010
2013-07-08,2355.490
2013-07-09,2359.550
2013-07-10,2356.080
2013-07-11,2371.180
2013-07-12,2369.260
2013-07-15,2377.030
2013-07-16,2382.550
2013-07-17,2388.910
2013-07-18,2385.690
2013-07-19,2394.220
2013-07-22,2397.820
2013-07-23,2395.640
2013-07-24,2386.440
2013-07-25,2383.780
2013-07-26,2390.550
2013-07-29,2386.460
2013-07-30,2385.020
2013-07-31,2385.890
2013-08-01,2370.810
2013-08-02,2385.080
2013-08-05,2380.610
2013-08-06,2380.510
2013-08-07,2384.960
2013-08-08,2387.720
2013-08-09,2387.890
2013-08-12,2384.370
2013-08-13,2371.090
2013-08-14,2371.360
2013-08-15,2363.590
2013-08-16,2354.770
2013-08-19,2347.540
2013-08-20,2354.500
2013-08-21,2348.220
2013-08-22,2343.890
2013-08-23,2355.260
2013-08-26,2359.240
2013-08-27,2369.550
2013-08-28,2361.920
2013-08-29,2367.560
2013-08-30,
2013-09-02,2370.520
2013-09-03,2357.620
2013-09-04,2352.380
2013-09-05,2339.520
2013-09-06,2344.180
2013-09-09,2350.450
2013-09-10,2343.060
2013-09-11,2348.670
2013-09-12,2351.270
2013-09-13,2351.770
2013-09-16,2355.380
2013-09-17,2359.160
2013-09-18,2375.880
2013-09-19,2374.810
2013-09-20,2379.000
2013-09-23,2381.630
2013-09-24,2390.460
2013-09-25,2394.710
2013-09-26,2390.160
2013-09-27,2391.630
2013-09-30,2389.460
2013-10-01,2386.320
2013-10-02,2390.410
2013-10-03,2393.170
2013-10-04,2389.220
2013-10-07,2393.100
2013-10-08,2393.020
2013-10-09,2391.210
2013-10-10,2390.570
2013-10-11,2393.630
2013-10-14,2394.510
2013-10-15,2391.210
2013-10-16,2400.010
2013-10-17,2412.110
2013-10-18,2414.630
2013-10-21,2412.870
2013-10-22,2424.720
2013-10-23,2427.930
2013-10-24,2423.530
2013-10-25,2426.380
2013-10-28,2426.240
2013-10-29,2426.510
2013-10-30,2425.510
2013-10-31,2425.220
2013-11-01,2416.270
2013-11-04,2417.850
2013-11-05,2409.840
2013-11-06,2411.330
2013-11-07,2416.280
2013-11-08,2398.980
2013-11-11,2399.860
2013-11-12,2396.220
2013-11-13,2401.660
2013-11-14,2408.680
2013-11-15,2409.180
2013-11-18,2417.490
2013-11-19,2412.920
2013-11-20,2403.780
2013-11-21,2406.120
2013-11-22,2411.790
2013-11-25,2414.180
2013-11-26,2421.200
2013-11-27,2417.490
2013-11-28,2417.780
2013-11-29,2417.950
2013-11-30,2418.240
2013-12-02,2410.830
2013-12-03,2414.380
2013-12-04,2405.650
2013-12-05,2404.040
2013-12-06,2403.410
2013-12-09,2407.930
2013-12-10,2418.070
2013-12-11,2412.960
2013-12-12,2410.020
2013-12-13,2413.100
2013-12-16,2413.390
2013-12-17,2419.080
2013-12-18,2416.040
2013-12-19,2415.140
2013-12-20,2422.560
2013-12-23,2419.600
2013-12-24,2412.610
2013-12-25,
2013-12-26,2411.420
2013-12-27,2410.450
2013-12-30,2417.350
2013-12-31,2413.900
2014-01-01,
2014-01-02,2418.390
2014-01-03,2417.900
2014-01-06,2424.620
2014-01-07,2427.950
2014-01-08,2420.670
2014-01-09,2424.990
2014-01-10,2438.680
2014-01-13,2443.800
2014-01-14,2438.350
2014-01-15,2436.920
2014-01-16,2442.180
2014-01-17,2444.490
2014-01-20,2445.370
2014-01-21,2446.590
2014-01-22,2441.450
2014-01-23,2451.300
2014-01-24,2450.980
2014-01-27,2446.920
2014-01-28,2450.040
2014-01-29,2457.410
2014-01-30,2454.920
2014-01-31,2456.970
2014-02-03,2467.770
2014-02-04,2462.180
2014-02-05,2456.480
2014-02-06,2454.740
2014-02-07,2459.770
2014-02-10,2461.110
2014-02-11,2458.260
2014-02-12,2453.500
2014-02-13,2462.050
2014-02-14,2461.750
2014-02-17,2462.630
2014-02-18,2467.810
2014-02-19,2464.680
2014-02-20,2461.810
2014-02-21,2465.830
2014-02-24,2465.320
2014-02-25,2473.460
2014-02-26,2477.720
2014-02-27,2483.160
2014-02-28,2483.930
2014-03-03,2489.290
2014-03-04,2479.330
2014-03-05,2478.750
2014-03-06,2473.180
2014-03-07,2465.790
2014-03-10,2466.160
2014-03-11,2468.780
2014-03-12,2472.540
2014-03-13,2481.450
2014-03-14,2480.610
2014-03-17,2475.250
2014-03-18,2478.220
2014-03-19,2468.290
2014-03-20,2468.460
2014-03-21,2474.080
2014-03-24,2477.890
2014-03-25,2479.040
2014-03-26,2485.250
2014-03-27,2490.100
2014-03-28,2485.870
2014-03-31,2485.700
2014-04-01,2482.980
2014-04-02,2477.640
2014-04-03,2480.950
2014-04-04,2490.850
2014-04-07,2496.590
2014-04-08,2499.160
2014-04-09,2499.090
2014-04-10,2508.890
2014-04-11,2511.050
2014-04-14,2509.140
2014-04-15,2510.880
2014-04-16,2510.220
2014-04-17,2501.380
2014-04-18,
2014-04-21,2501.830
2014-04-22,2503.280
2014-04-23,2509.090
2014-04-24,2509.650
2014-04-25,2512.410
2014-04-28,2510.560
2014-04-29,2507.930
2014-04-30,2514.680
2014-05-01,2522.300
2014-05-02,2525.710
2014-05-05,2522.600
2014-05-06,2526.250
2014-05-07,2526.610
2014-05-08,2528.860
2014-05-09,2524.930
2014-05-12,2520.370
2014-05-13,2527.300
2014-05-14,2538.700
2014-05-15,2543.730
2014-05-16,2541.540
2014-05-19,2539.820
2014-05-20,2542.630
2014-05-21,2537.620
2014-05-22,2535.020
2014-05-23,2539.430
2014-05-26,2540.320
2014-05-27,2543.980
2014-05-28,2555.960
2014-05-29,2554.770
2014-05-30,2553.090
2014-05-31,2553.130
2014-06-02,2542.780
2014-06-03,2534.780
2014-06-04,2533.410
2014-06-05,2536.570
2014-06-06,2537.030
2014-06-09,2536.290
2014-06-10,2534.030
2014-06-11,2533.720
2014-06-12,2541.600
2014-06-13,2539.260
2014-06-16,2540.860
2014-06-17,2533.120
2014-06-18,2538.270
2014-06-19,2537.740
2014-06-20,2538.610
2014-06-23,2540.640
2014-06-24,2547.060
2014-06-25,2551.030
2014-06-26,2556.210
2014-06-27,2554.340
2014-06-30,2557.410
2014-07-01,2549.710
2014-07-02,2540.080
2014-07-03,2537.410
2014-07-04,2537.710
2014-07-07,2543.390
2014-07-08,2551.580
2014-07-09,2554.440
2014-07-10,2554.980
2014-07-11,2557.450
2014-07-14,2554.010
2014-07-15,2553.750
2014-07-16,2555.280
2014-07-17,2563.160
2014-07-18,2561.330
2014-07-21,2563.380
2014-07-22,2565.800
2014-07-23,2566.180
2014-07-24,2560.010
2014-07-25,2566.580
2014-07-28,2563.830
2014-07-29,2568.650
2014-07-30,2555.630
2014-07-31,2554.400
2014-08-01,2557.890
2014-08-04,2559.660
2014-08-05,2560.450
2014-08-06,2559.900
2014-08-07,2566.520
2014-08-08,2566.290
2014-08-11,2566.540
2014-08-12,2563.300
2014-08-13,2568.170
2014-08-14,2574.180
2014-08-15,2582.370
2014-08-18,2575.600
2014-08-19,2573.140
2014-08-20,2570.800
2014-08-21,2574.940
2014-08-22,2577.410
2014-08-25,2580.530
2014-08-26,2580.950
2014-08-27,2586.870
2014-08-28,2591.800
2014-08-29,2590.550
2014-08-31,2590.850
2014-09-01,2591.150
2014-09-02,2578.940
2014-09-03,2581.030
2014-09-04,2574.600
2014-09-05,2571.940
2014-09-08,2572.190
2014-09-09,2567.860
2014-09-10,2561.200
2014-09-11,2562.270
2014-09-12,2549.420
2014-09-15,2551.870
2014-09-16,2551.040
2014-09-17,2548.790
2014-09-18,2547.340
2014-09-19,2554.760
2014-09-22,2558.290
2014-09-23,2562.640
2014-09-24,2556.900
2014-09-25,2564.550
2014-09-26,2559.650
2014-09-29,2562.690
2014-09-30,2558.640
2014-10-01,2573.090
2014-10-02,2567.870
2014-10-03,2569.470
2014-10-06,2574.620
2014-10-07,2585.540
2014-10-08,2586.890
2014-10-09,2587.660
2014-10-10,2589.130
2014-10-13,2590.010
2014-10-14,2602.750
2014-10-15,2611.500
2014-10-16,2601.210
2014-10-17,2597.470
2014-10-20,2600.680
2014-10-21,2598.800
2014-10-22,2596.080
2014-10-23,2588.760
2014-10-24,2588.590
2014-10-27,2591.660
2014-10-28,2587.880
2014-10-29,2585.720
2014-10-30,2586.110
2014-10-31,2582.520
2014-11-03,2580.970
2014-11-04,2580.680
2014-11-05,2579.270
2014-11-06,2574.410
2014-11-07,2581.980
2014-11-10,2576.040
2014-11-11,2576.340
2014-11-12,2576.040
2014-11-13,2577.270
2014-11-14,2578.550
2014-11-17,2574.170
2014-11-18,2574.710
2014-11-19,2569.480
2014-11-20,2571.930
2014-11-21,2578.430
2014-11-24,2580.520
2014-11-25,2589.110
2014-11-26,2593.580
2014-11-27,2593.870
2014-11-28,2598.330
2014-11-30,2598.920
2014-12-01,2592.100
2014-12-02,2581.380
2014-12-03,2580.730
2014-12-04,2585.200
2014-12-05,2578.590
2014-12-08,2584.680
2014-12-09,2586.280
2014-12-10,2591.120
2014-12-11,2588.370
2014-12-12,2595.800
2014-12-15,2590.130
2014-12-16,2590.920
2014-12-17,2581.670
2014-12-18,2579.510
2014-12-19,2585.620
2014-12-22,2590.790
2014-12-23,2577.760
2014-12-24,2579.180
2014-12-25,
2014-12-26,2581.510
2014-12-29,2589.270
2014-12-30,2592.660
2014-12-31,2595.280
2015-01-01,
2015-01-02,2603.260
2015-01-05,2612.930
2015-01-06,2622.870
2015-01-07,2624.770
2015-01-08,2617.000
2015-01-09,2623.940
2015-01-12,2632.930
2015-01-13,2634.180
2015-01-14,2637.980
2015-01-15,2645.830
2015-01-16,
2015-01-19,2638.320
2015-01-20,2641.770
2015-01-21,2635.220
2015-01-22,2631.650
2015-01-23,2645.080
2015-01-26,2644.920
2015-01-27,2645.480
2015-01-28,2661.300
2015-01-29,2655.990
2015-01-30,2666.360
2015-01-31,2666.400
2015-02-02,2667.520
2015-02-03,2651.780
2015-02-04,2651.500
2015-02-05,2649.510
2015-02-06,2633.870
2015-02-09,2634.940
2015-02-10,2627.840
2015-02-11,2628.760
2015-02-12,2631.150
2015-02-13,2625.820
2015-02-16,2626.710
2015-02-17,2610.710
2015-02-18,2624.790
2015-02-19,2619.170
2015-02-20,2618.300
2015-02-23,2631.760
2015-02-24,2644.260
2015-02-25,2647.110
2015-02-26,2641.270
2015-02-27,2643.210
2015-02-28,2644.110
2015-03-02,2631.890
2015-03-03,2627.550
2015-03-04,2627.560
2015-03-05,2630.040
2015-03-06,2611.330
2015-03-09,2617.890
2015-03-10,2626.500
2015-03-11,2629.030
2015-03-12,2630.580
2015-03-13,2626.090
2015-03-16,2623.920
2015-03-17,2630.760
2015-03-18,2645.760
2015-03-19,2643.860
2015-03-20,2651.660
2015-03-23,2654.190
2015-03-24,2660.790
2015-03-25,2654.510
2015-03-26,2639.740
2015-03-27,2651.290
2015-03-30,2649.260
2015-03-31,2653.930
2015-04-01,2664.650
2015-04-02,2659.630
2015-04-03,
2015-04-06,2659.520
2015-04-07,2664.910
2015-04-08,2667.260
2015-04-09,2656.920
2015-04-10,2658.480
2015-04-13,2661.710
2015-04-14,2667.290
2015-04-15,2667.900
2015-04-16,2670.420
2015-04-17,2675.250
2015-04-20,2667.180
2015-04-21,2665.020
2015-04-22,2656.120
2015-04-23,2659.690
2015-04-24,2664.270
2015-04-27,2664.860
2015-04-28,2655.140
2015-04-29,2642.840
2015-04-30,2639.760
2015-05-01,2628.020
2015-05-04,2625.140
2015-05-05,2618.600
2015-05-06,2608.880
2015-05-07,2617.040
2015-05-08,2622.320
2015-05-11,2604.850
2015-05-12,2605.600
2015-05-13,2602.380
2015-05-14,2607.290
2015-05-15,2623.810
2015-05-18,2611.090
2015-05-19,2605.390
2015-05-20,2604.820
2015-05-21,2613.750
2015-05-22,2608.190
2015-05-25,
2015-05-26,2622.190
2015-05-27,2622.920
2015-05-28,2621.990
2015-05-29,2626.120
2015-05-31,2626.420
2015-06-01,2609.650
2015-06-02,2598.430
2015-06-03,2585.690
2015-06-04,2594.650
2015-06-05,2581.250
2015-06-08,2584.690
2015-06-09,2576.740
2015-06-10,2567.410
2015-06-11,2581.760
2015-06-12,2581.670
2015-06-15,2583.550
2015-06-16,2587.950
2015-06-17,2588.640
2015-06-18,2580.680
2015-06-19,2592.890
2015-06-22,2579.920
2015-06-23,2573.110
2015-06-24,2579.690
2015-06-25,2577.030
2015-06-26,2564.750
2015-06-29,2584.630
2015-06-30,2583.360
2015-07-01,2572.060
2015-07-02,2576.490
2015-07-03,2576.780
2015-07-06,2594.320
2015-07-07,2600.030
2015-07-08,2602.720
2015-07-09,2587.210
2015-07-10,2570.220
2015-07-13,2570.330
2015-07-14,2573.320
2015-07-15,2580.350
2015-07-16,2580.830
2015-07-17,2583.520
2015-07-20,2579.050
2015-07-21,2583.210
2015-07-22,2585.610
2015-07-23,2592.160
2015-07-24,2590.830
2015-07-27,2594.850
2015-07-28,2590.800
2015-07-29,2587.900
2015-07-30,2590.680
2015-07-31,2597.280
2015-08-03,2606.190
2015-08-04,2597.330
2015-08-05,2588.530
2015-08-06,2592.050
2015-08-07,2600.550
2015-08-10,2589.840
2015-08-11,2603.710
2015-08-12,2600.440
2015-08-13,2591.620
2015-08-14,2591.420
2015-08-17,2598.830
2015-08-18,2590.450
2015-08-19,2597.290
2015-08-20,2602.790
2015-08-21,2604.080
2015-08-24,2605.100
2015-08-25,2584.170
2015-08-26,2575.680
2015-08-27,2582.360
2015-08-28,2582.360
2015-08-31,2579.860
2015-09-01,2582.510
2015-09-02,2579.220
2015-09-03,2585.040
2015-09-04,2592.990
2015-09-07,2593.880
2015-09-08,2584.830
2015-09-09,2589.730
2015-09-10,2584.070
2015-09-11,2589.880
2015-09-14,2590.410
2015-09-15,2574.030
2015-09-16,2571.920
2015-09-17,2586.180
2015-09-18,2600.970
2015-09-21,2587.890
2015-09-22,2600.170
2015-09-23,2597.470
2015-09-24,2598.150
2015-09-25,2589.950
2015-09-28,2596.210
2015-09-29,2596.220
2015-09-30,2593.380
2015-10-01,2594.440
2015-10-02,2601.810
2015-10-05,2595.120
2015-10-06,2601.960
2015-10-07,2603.300
2015-10-08,2596.510
2015-10-09,2600.620
2015-10-12,2601.500
2015-10-13,2608.640
2015-10-14,2617.950
2015-10-15,2612.820
2015-10-16,2614.280
2015-10-19,2614.080
2015-10-20,2609.090
2015-10-21,2617.110
2015-10-22,2620.620
2015-10-23,2615.580
2015-10-26,2622.040
2015-10-27,2624.810
2015-10-28,2617.000
2015-10-29,2603.750
2015-10-30,2607.240
2015-10-31,2607.280
2015-11-02,2603.820
2015-11-03,2599.200
2015-11-04,2599.430
2015-11-05,2597.910
2015-11-06,2585.510
2015-11-09,2584.310
2015-11-10,2587.330
2015-11-11,2587.630
2015-11-12,2586.040
2015-11-13,2589.700
2015-11-16,2590.020
2015-11-17,2593.500
2015-11-18,2592.800
2015-11-19,2597.590
2015-11-20,2595.500
2015-11-23,2597.710
2015-11-24,2598.130
2015-11-25,2599.050
2015-11-26,2599.350
2015-11-27,2599.930
2015-11-30,2601.440
2015-12-01,2611.720
2015-12-02,2610.040
2015-12-03,2586.250
2015-12-04,2595.150
2015-12-07,2602.710
2015-12-08,2596.170
2015-12-09,2600.020
2015-12-10,2594.240
2015-12-11,2603.760
2015-12-14,2585.000
2015-12-15,2580.340
2015-12-16,2577.970
2015-12-17,2585.450
2015-12-18,2588.760
2015-12-21,2587.790
2015-12-22,2582.050
2015-12-23,2578.760
2015-12-24,2582.890
2015-12-25,
2015-12-28,2586.670
2015-12-29,2574.380
2015-12-30,2575.440
2015-12-31,2578.890
2016-01-01,
2016-01-04,2584.210
2016-01-05,2583.190
2016-01-06,2593.900
2016-01-07,2595.270
2016-01-08,2596.820
2016-01-11,2591.850
2016-01-12,2598.470
2016-01-13,2604.260
2016-01-14,2591.210
2016-01-15,2593.500
2016-01-18,2594.390
2016-01-19,2591.710
2016-01-20,2587.700
2016-01-21,2582.650
2016-01-22,2581.090
2016-01-25,2583.180
2016-01-26,2585.350
2016-01-27,2583.460
2016-01-28,2583.530
2016-01-29,2589.900
2016-01-31,2590.200
2016-02-01,2583.200
2016-02-02,2595.030
2016-02-03,2589.130
2016-02-04,2591.980
2016-02-05,2593.600
2016-02-08,2605.030
2016-02-09,2599.720
2016-02-10,2602.400
2016-02-11,2602.400
2016-02-12,2587.740
2016-02-15,2588.630
2016-02-16,2585.490
2016-02-17,2582.810
2016-02-18,2594.580
2016-02-19,2596.860
2016-02-22,2597.230
2016-02-23,2601.890
2016-02-24,2601.760
2016-02-25,2609.580
2016-02-26,2602.030
2016-02-29,2609.230
2016-03-01,2599.630
2016-03-02,2603.220
2016-03-03,2610.440
2016-03-04,2607.910
2016-03-07,2610.520
2016-03-08,2623.520
2016-03-09,2617.870
2016-03-10,2618.910
2016-03-11,2618.700
2016-03-14,2627.740
2016-03-15,2631.530
2016-03-16,2635.560
2016-03-17,2645.930
2016-03-18,2655.090
2016-03-21,2650.290
2016-03-22,2652.170
2016-03-23,2664.240
2016-03-24,2660.010
2016-03-25,
2016-03-28,2664.670
2016-03-29,2674.180
2016-03-30,2672.060
2016-03-31,2680.050
2016-04-01,2679.950
2016-04-04,2684.580
2016-04-05,2693.120
2016-04-06,2689.330
2016-04-07,2700.030
2016-04-08,2694.260
2016-04-11,2695.710
2016-04-12,2689.000
2016-04-13,2695.780
2016-04-14,2695.660
2016-04-15,2702.990
2016-04-18,2701.560
2016-04-19,2704.210
2016-04-20,2697.770
2016-04-21,2699.580
2016-04-22,2699.350
2016-04-25,2698.180
2016-04-26,2695.970
2016-04-27,2706.620
2016-04-28,2711.480
2016-04-29,2716.210
2016-04-30,2716.510
2016-05-02,2709.600
2016-05-03,2718.620
2016-05-04,2719.440
2016-05-05,2724.640
2016-05-06,2718.630
2016-05-09,2720.800
2016-05-10,2721.230
2016-05-11,2725.140
2016-05-12,2719.180
2016-05-13,2727.040
2016-05-16,2719.370
2016-05-17,2719.280
2016-05-18,2700.350
2016-05-19,2705.520
2016-05-20,2704.950
2016-05-23,2705.710
2016-05-24,2704.270
2016-05-25,2703.130
2016-05-26,2713.140
2016-05-27,2712.170
2016-05-30,2713.030
2016-05-31,2714.740
2016-06-01,2713.390
2016-06-02,2719.410
2016-06-03,2735.360
2016-06-06,2733.740
2016-06-07,2737.100
2016-06-08,2740.570
2016-06-09,2745.650
2016-06-10,2750.260
2016-06-13,2751.730
2016-06-14,2748.030
2016-06-15,2750.130
2016-06-16,2753.110
2016-06-17,2746.290
2016-06-20,2743.650
2016-06-21,2741.370
2016-06-22,2744.630
2016-06-23,2738.960
2016-06-24,2752.430
2016-06-27,2770.330
2016-06-28,2771.380
2016-06-29,2773.690
2016-06-30,2773.910
2016-07-01,2783.380
2016-07-04,2784.270
2016-07-05,2802.810
2016-07-06,2801.190
2016-07-07,2804.760
2016-07-08,2812.490
2016-07-11,2807.870
2016-07-12,2798.780
2016-07-13,2808.530
2016-07-14,2800.160
2016-07-15,2791.550
2016-07-18,2793.640
2016-07-19,2798.680
2016-07-20,2796.190
2016-07-21,2799.000
2016-07-22,2800.120
2016-07-25,2799.950
2016-07-26,2799.630
2016-07-27,2807.200
2016-07-28,2806.430
2016-07-29,2813.840
2016-07-31,2814.140
2016-08-01,2806.930
2016-08-02,2797.720
2016-08-03,2796.030
2016-08-04,2804.630
2016-08-05,2794.180
2016-08-08,2797.410
2016-08-09,2806.890
2016-08-10,2814.560
2016-08-11,2804.190
2016-08-12,2814.520
2016-08-15,2810.690
2016-08-16,2807.810
2016-08-17,2812.380
2016-08-18,2818.280
2016-08-19,2813.160
2016-08-22,2821.970
2016-08-23,2822.580
2016-08-24,2822.440
2016-08-25,2819.000
2016-08-26,2810.140
2016-08-29,2824.450
2016-08-30,2822.440
2016-08-31,2821.850
2016-09-01,2821.820
2016-09-02,2816.280
2016-09-05,2817.170
2016-09-06,2826.000
2016-09-07,2825.470
2016-09-08,2810.700
2016-09-09,2798.690
2016-09-12,2797.620
2016-09-13,2784.930
2016-09-14,2791.270
2016-09-15,2788.710
2016-09-16,2789.750
2016-09-19,2792.280
2016-09-20,2794.880
2016-09-21,2798.730
2016-09-22,2808.570
2016-09-23,2812.470
2016-09-26,2815.320
2016-09-27,2820.490
2016-09-28,2819.700
2016-09-29,2822.530
2016-09-30,2813.720
2016-10-03,2813.160
2016-10-04,2803.480
2016-10-05,2799.580
2016-10-06,2798.350
2016-10-07,2799.820
2016-10-10,2800.710
2016-10-11,2797.840
2016-10-12,2796.470
2016-10-13,2804.190
2016-10-14,2794.230
2016-10-17,2800.930
2016-10-18,2805.300
2016-10-19,2807.030
2016-10-20,2809.110
2016-10-21,2809.460
2016-10-24,2805.920
2016-10-25,2806.890
2016-10-26,2799.470
2016-10-27,2789.980
2016-10-28,2788.010
2016-10-31,2790.430
2016-11-01,2792.060
2016-11-02,2792.230
2016-11-03,2788.020
2016-11-04,2792.400
2016-11-07,2788.840
2016-11-08,2784.590
2016-11-09,2750.290
2016-11-10,2745.580
2016-11-11,2745.880
2016-11-14,2728.120
2016-11-15,2728.620
2016-11-16,2732.940
2016-11-17,2723.850
2016-11-18,2714.250
2016-11-21,2713.390
2016-11-22,2715.570
2016-11-23,2711.360
2016-11-24,2711.650
2016-11-25,2710.710
2016-11-28,2719.430
2016-11-29,2723.820
2016-11-30,2715.670
2016-12-01,2705.680
2016-12-02,2714.250
2016-12-05,2716.410
2016-12-06,2715.320
2016-12-07,2725.010
2016-12-08,2718.860
2016-12-09,2708.550
2016-12-12,2708.820
2016-12-13,2711.450
2016-12-14,2707.570
2016-12-15,2702.510
2016-12-16,2699.250
2016-12-19,2709.800
2016-12-20,2706.430
2016-12-21,2711.910
2016-12-22,2712.120
2016-12-23,2714.950
2016-12-26,
2016-12-27,2711.900
2016-12-28,2721.620
2016-12-29,2726.380
2016-12-30,2732.630
2016-12-31,2732.660
2017-01-02,
2017-01-03,2733.810
2017-01-04,2735.990
2017-01-05,2751.070
2017-01-06,2742.950
2017-01-09,2749.830
2017-01-10,2749.060
2017-01-11,2750.530
2017-01-12,2751.800
2017-01-13,2749.460
2017-01-16,2750.350
2017-01-17,2759.640
2017-01-18,2748.830
2017-01-19,2738.950
2017-01-20,2738.930
2017-01-23,2750.590
2017-01-24,2739.860
2017-01-25,2732.460
2017-01-26,2736.540
2017-01-27,2741.800
2017-01-30,2740.600
2017-01-31,2743.870
2017-02-01,2739.820
2017-02-02,2741.380
2017-02-03,2739.170
2017-02-06,2752.190
2017-02-07,2756.130
2017-02-08,2762.650
2017-02-09,2754.310
2017-02-10,2753.220
2017-02-13,2751.510
2017-02-14,2747.230
2017-02-15,2742.970
2017-02-16,2752.160
2017-02-17,2756.340
2017-02-20,2757.240
2017-02-21,2757.320
2017-02-22,2759.100
2017-02-23,2764.490
2017-02-24,2777.150
2017-02-27,2771.400
2017-02-28,2774.910
2017-03-01,2758.270
2017-03-02,2755.960
2017-03-03,2757.090
2017-03-06,2756.620
2017-03-07,2752.040
2017-03-08,2743.490
2017-03-09,2732.700
2017-03-10,2735.510
2017-03-13,2731.810
2017-03-14,2732.380
2017-03-15,2747.250
2017-03-16,2746.150
2017-03-17,2749.990
2017-03-20,2755.360
2017-03-21,2761.930
2017-03-22,2767.630
2017-03-23,2765.390
2017-03-24,2769.590
2017-03-27,2773.640
2017-03-28,2768.610
2017-03-29,2773.410
2017-03-30,2769.060
2017-03-31,2771.490
2017-04-03,2779.400
2017-04-04,2778.390
2017-04-05,2778.140
2017-04-06,2780.920
2017-04-07,2776.970
2017-04-10,2780.350
2017-04-11,2791.270
2017-04-12,2791.600
2017-04-13,2801.530
2017-04-14,
2017-04-17,2798.060
2017-04-18,2810.070
2017-04-19,2806.310
2017-04-20,2800.800
2017-04-21,2801.860
2017-04-24,2797.780
2017-04-25,2789.740
2017-04-26,2793.140
2017-04-27,2795.920
2017-04-28,2798.540
2017-04-30,2799.140
2017-05-01,2791.280
2017-05-02,2798.220
2017-05-03,2799.220
2017-05-04,2791.860
2017-05-05,2793.210
2017-05-08,2790.760
2017-05-09,2787.570
2017-05-10,2788.570
2017-05-11,2791.430
2017-05-12,2802.720
2017-05-15,2803.240
2017-05-16,2807.340
2017-05-17,2824.310
2017-05-18,2820.340
2017-05-19,2820.680
2017-05-22,2820.500
2017-05-23,2815.490
2017-05-24,2817.970
2017-05-25,2820.330
2017-05-26,2821.650
2017-05-29,2822.560
2017-05-30,2828.340
2017-05-31,2831.680
2017-06-01,2828.960
2017-06-02,2839.600
2017-06-05,2836.170
2017-06-06,2842.390
2017-06-07,2837.900
2017-06-08,2834.840
2017-06-09,2834.400
2017-06-12,2833.000
2017-06-13,2835.030
2017-06-14,2849.570
2017-06-15,2846.590
2017-06-16,2847.830
2017-06-19,2845.350
2017-06-20,2852.840
2017-06-21,2853.480
2017-06-22,2853.540
2017-06-23,2855.500
2017-06-26,2859.470
2017-06-27,2851.000
2017-06-28,2848.380
2017-06-29,2842.700
2017-06-30,2838.630
2017-07-03,2833.580
2017-07-04,2833.880
2017-07-05,2836.950
2017-07-06,2831.460
2017-07-07,2828.260
2017-07-10,2833.200
2017-07-11,2835.170
2017-07-12,2842.700
2017-07-13,2839.760
2017-07-14,2844.430
2017-07-17,2848.650
2017-07-18,2857.350
2017-07-19,2858.440
2017-07-20,2860.560
2017-07-21,2867.020
2017-07-24,2863.530
2017-07-25,2851.210
2017-07-26,2858.700
2017-07-27,2854.970
2017-07-28,2860.270
2017-07-31,2859.840
2017-08-01,2868.470
2017-08-02,2867.880
2017-08-03,2873.310
2017-08-04,2865.530
2017-08-07,2867.120
2017-08-08,2860.770
2017-08-09,2865.090
2017-08-10,2866.510
2017-08-11,2866.100
2017-08-14,2864.040
2017-08-15,2857.830
2017-08-16,2866.060
2017-08-17,2870.230
2017-08-18,2870.200
2017-08-21,2872.970
2017-08-22,2868.100
2017-08-23,2875.340
2017-08-24,2871.870
2017-08-25,2876.120
2017-08-28,2878.390
2017-08-29,2880.230
2017-08-30,2879.300
2017-08-31,2884.060
2017-09-01,2877.770
2017-09-04,2878.670
2017-09-05,2893.540
2017-09-06,2885.380
2017-09-07,2893.460
2017-09-08,2892.160
2017-09-11,2881.600
2017-09-12,2875.990
2017-09-13,2873.990
2017-09-14,2876.240
2017-09-15,2877.860
2017-09-18,2874.990
2017-09-19,2875.760
2017-09-20,2872.890
2017-09-21,2874.410
2017-09-22,2877.020
2017-09-25,2885.320
2017-09-26,2884.710
2017-09-27,2871.840
2017-09-28,2875.060
2017-09-29,2877.180
2017-09-30,2877.480
2017-10-02,2878.450
2017-10-03,2881.580
2017-10-04,2882.100
2017-10-05,2879.430
2017-10-06,2876.860
2017-10-09,2877.770
2017-10-10,2883.260
2017-10-11,2883.310
2017-10-12,2886.050
2017-10-13,2893.750
2017-10-16,2890.560
2017-10-17,2893.150
2017-10-18,2886.610
2017-10-19,2890.610
2017-10-20,2881.210
2017-10-23,2884.730
2017-10-24,2881.170
2017-10-25,2875.140
2017-10-26,2874.680
2017-10-27,2879.440
2017-10-30,2890.610
2017-10-31,2889.090
2017-11-01,2889.270
2017-11-02,2893.510
2017-11-03,2893.540
2017-11-06,2896.810
2017-11-07,2897.500
2017-11-08,2893.770
2017-11-09,2889.100
2017-11-10,2874.950
2017-11-13,2876.310
2017-11-14,2878.560
2017-11-15,2884.200
2017-11-16,2881.080
2017-11-17,2883.910
2017-11-20,2883.500
2017-11-21,2888.520
2017-11-22,2895.820
2017-11-23,2896.130
2017-11-24,2893.370
2017-11-27,2896.150
2017-11-28,2895.730
2017-11-29,2888.950
2017-11-30,2885.040
2017-12-01,2896.610
2017-12-04,2895.260
2017-12-05,2901.370
2017-12-06,2904.930
2017-12-07,2896.040
2017-12-08,2896.150
2017-12-11,2897.130
2017-12-12,2896.150
2017-12-13,2906.600
2017-12-14,2909.280
2017-12-15,2910.770
2017-12-18,2904.310
2017-12-19,2891.620
2017-12-20,2884.840
2017-12-21,2891.030
2017-12-22,2890.070
2017-12-25,
2017-12-26,2895.900
2017-12-27,2907.440
2017-12-28,2905.550
2017-12-29,2909.330
2017-12-31,2909.640
2018-01-01,
2018-01-02,2898.170
2018-01-03,2901.820
2018-01-04,2901.210
2018-01-05,2898.380
2018-01-08,2899.240
2018-01-09,2890.000
2018-01-10,2891.230
2018-01-11,2897.050
2018-01-12,2897.040
2018-01-15,2897.950
2018-01-16,2901.030
2018-01-17,2895.420
2018-01-18,2889.040
2018-01-19,2883.610
2018-01-22,2880.410
2018-01-23,2887.010
2018-01-24,2882.520
2018-01-25,2892.360
2018-01-26,2887.590
2018-01-29,2883.930
2018-01-30,2878.690
2018-01-31,2882.750
2018-02-01,2874.640
2018-02-02,2861.300
2018-02-05,2868.620
2018-02-06,2868.130
2018-02-07,2857.170
2018-02-08,2852.150
2018-02-09,2847.240
2018-02-12,2844.600
2018-02-13,2840.860
2018-02-14,2829.940
2018-02-15,2837.130
2018-02-16,2840.080
2018-02-19,2841.000
2018-02-20,2837.330
2018-02-21,2828.030
2018-02-22,2831.900
2018-02-23,2838.140
2018-02-26,2841.190
2018-02-27,2834.280
2018-02-28,2839.610
2018-03-01,2844.470
2018-03-02,2833.690
2018-03-05,2831.800
2018-03-06,2835.250
2018-03-07,2832.180
2018-03-08,2835.150
2018-03-09,2829.760
2018-03-12,2832.900
2018-03-13,2834.490
2018-03-14,2839.490
2018-03-15,2835.880
2018-03-16,2833.440
2018-03-19,2833.830
2018-03-20,2826.290
2018-03-21,2821.220
2018-03-22,2829.120
2018-03-23,2827.160
2018-03-26,2826.040
2018-03-27,2835.900
2018-03-28,2837.600
2018-03-29,2845.410
2018-03-30,
2018-03-31,2845.720
2018-04-02,2847.490
2018-04-03,2839.350
2018-04-04,2838.790
2018-04-05,2834.570
2018-04-06,2845.920
2018-04-09,2846.510
2018-04-10,2846.850
2018-04-11,2848.650
2018-04-12,2842.900
2018-04-13,2844.020
2018-04-16,2845.300
2018-04-17,2849.400
2018-04-18,2839.020
2018-04-19,2828.330
2018-04-20,2821.420
2018-04-23,2818.670
2018-04-24,2815.540
2018-04-25,2806.640
2018-04-26,2811.810
2018-04-27,2818.230
2018-04-30,2821.480
2018-05-01,2812.070
2018-05-02,2812.540
2018-05-03,2813.800
2018-05-04,2812.600
2018-05-07,2812.400
2018-05-08,2809.290
2018-05-09,2805.000
2018-05-10,2812.060
2018-05-11,2815.270
2018-05-14,2814.340
2018-05-15,2798.940
2018-05-16,2797.480
2018-05-17,2793.910
2018-05-18,2800.190
2018-05-21,2800.860
2018-05-22,2801.080
2018-05-23,2809.780
2018-05-24,2815.490
2018-05-25,2822.680
2018-05-28,2823.610
2018-05-29,2844.910
2018-05-30,2830.990
2018-05-31,2834.180
2018-06-01,2822.760
2018-06-04,2817.480
2018-06-05,2819.690
2018-06-06,2809.290
2018-06-07,2816.910
2018-06-08,2815.500
2018-06-11,2811.990
2018-06-12,2812.750
2018-06-13,2809.990
2018-06-14,2816.220
2018-06-15,2819.340
2018-06-18,2817.020
2018-06-19,2819.189
2018-06-20,2811.930
2018-06-21,2811.350
2018-06-22,2809.960
2018-06-25,2812.610
2018-06-26,2812.160
2018-06-27,2821.570
2018-06-28,2817.370
2018-06-29,2818.580
2018-06-30,2818.890
2018-07-02,2816.750
2018-07-03,2823.060
2018-07-04,2823.380
2018-07-05,2826.090
2018-07-06,2830.550
2018-07-09,2829.740
2018-07-10,2831.020
2018-07-11,2836.080
2018-07-12,2836.910
2018-07-13,2842.290
2018-07-16,2838.930
2018-07-17,2838.270
2018-07-18,2836.780
2018-07-19,2841.840
2018-07-20,2833.710
2018-07-23,2823.010
2018-07-24,2830.860
2018-07-25,2835.040
2018-07-26,2831.740
2018-07-27,2836.380
2018-07-30,2835.120
2018-07-31,2839.770
2018-08-01,2833.240
2018-08-02,2836.080
2018-08-03,2843.210
2018-08-06,2847.610
2018-08-07,2842.350
2018-08-08,2840.970
2018-08-09,2844.670
2018-08-10,2853.460
2018-08-13,2847.670
2018-08-14,2846.020
2018-08-15,2852.750
2018-08-16,2852.060
2018-08-17,2852.810
2018-08-20,2862.660
2018-08-21,2859.520
2018-08-22,2861.350
2018-08-23,2861.810
2018-08-24,2860.830
2018-08-27,2858.200
2018-08-28,2852.700
2018-08-29,2853.610
2018-08-30,2855.940
2018-08-31,2855.220
2018-09-03,2856.160
2018-09-04,2845.290
2018-09-05,2845.500
2018-09-06,2851.200
2018-09-07,2841.060
2018-09-10,2844.240
2018-09-11,2838.930
2018-09-12,2843.520
2018-09-13,2846.070
2018-09-14,2842.830
2018-09-17,2843.640
2018-09-18,2835.360
2018-09-19,2829.960
2018-09-20,2835.820
2018-09-21,2838.390
2018-09-24,2837.170
2018-09-25,2834.560
2018-09-26,2842.070
2018-09-27,2844.470
2018-09-28,2845.300
2018-09-30,2845.930
2018-10-01,2841.200
2018-10-02,2846.850
2018-10-03,2830.880
2018-10-04,2822.840
2018-10-05,2814.960
2018-10-08,2815.920
2018-10-09,2820.450
2018-10-10,2817.390
2018-10-11,2827.120
2018-10-12,2825.920
2018-10-15,2823.230
2018-10-16,2824.880
2018-10-17,2820.020
2018-10-18,2819.260
2018-10-19,2813.910
2018-10-22,2814.040
2018-10-23,2814.090
2018-10-24,2822.380
2018-10-25,2816.470
2018-10-26,2822.340
2018-10-29,2821.760
2018-10-30,2813.860
2018-10-31,2807.480
2018-11-01,2808.700
2018-11-02,2798.800
2018-11-05,2803.040
2018-11-06,2804.960
2018-11-07,2808.110
2018-11-08,2806.270
2018-11-09,2811.390
2018-11-12,2812.350
2018-11-13,2812.810
2018-11-14,2810.290
2018-11-15,2802.840
2018-11-16,2808.630
2018-11-19,2808.610
2018-11-20,2804.830
2018-11-21,2804.900
2018-11-22,2805.220
2018-11-23,2806.260
2018-11-26,2805.620
2018-11-27,2803.710
2018-11-28,2802.800
2018-11-29,2801.840
2018-11-30,2802.120
2018-12-03,2810.390
2018-12-04,2819.570
2018-12-05,2819.890
2018-12-06,2820.170
2018-12-07,2823.240
2018-12-10,2822.540
2018-12-11,2822.360
2018-12-12,2823.330
2018-12-13,2825.480
2018-12-14,2829.250
2018-12-17,2836.370
2018-12-18,2841.890
2018-12-19,2850.510
2018-12-20,2842.000
2018-12-21,2837.810
2018-12-24,2843.550
2018-12-25,
2018-12-26,2834.390
2018-12-27,2839.530
2018-12-28,2837.540
2018-12-31,2844.180
2019-01-01,
2019-01-02,2849.220
2019-01-03,2863.310
2019-01-04,2847.570
2019-01-07,2849.030
2019-01-08,2848.170
2019-01-09,2851.020
2019-01-10,2849.530
2019-01-11,2855.490
2019-01-14,2852.560
2019-01-15,2852.720
2019-01-16,2853.890
2019-01-17,2855.090
2019-01-18,2856.560
2019-01-21,2857.530
2019-01-22,2868.350
2019-01-23,2868.540
2019-01-24,2878.310
2019-01-25,2875.780
2019-01-28,2878.720
2019-01-29,2884.960
2019-01-30,2888.220
2019-01-31,2903.720
2019-02-01,2900.190
2019-02-04,2898.780
2019-02-05,2907.140
2019-02-06,2907.810
2019-02-07,2912.810
2019-02-08,2916.360
2019-02-11,2913.100
2019-02-12,2910.370
2019-02-13,2908.450
2019-02-14,2913.990
2019-02-15,2915.420
2019-02-18,2916.390
2019-02-19,2919.300
2019-02-20,2917.600
2019-02-21,2910.020
2019-02-22,2917.040
2019-02-25,2917.470
2019-02-26,2923.540
2019-02-27,2914.230
2019-02-28,2914.160
2019-03-01,2909.410
2019-03-04,2916.880
2019-03-05,2917.280
2019-03-06,2921.170
2019-03-07,2929.860
2019-03-08,2930.660
2019-03-11,2929.150
2019-03-12,2938.490
2019-03-13,2936.990
2019-03-14,2933.230
2019-03-15,2940.490
2019-03-18,2942.380
2019-03-19,2941.130
2019-03-20,2952.600
2019-03-21,2956.050
2019-03-22,2972.670
2019-03-25,2979.950
2019-03-26,2982.250
2019-03-27,2990.350
2019-03-28,2989.220
2019-03-29,2986.390
2019-03-31,2986.720
2019-04-01,2974.600
2019-04-02,2977.830
2019-04-03,2973.050
2019-04-04,2975.780
2019-04-05,2980.060
2019-04-08,2979.040
2019-04-09,2984.600
2019-04-10,2989.770
2019-04-11,2987.260
2019-04-12,2983.680
2019-04-15,2987.620
2019-04-16,2982.560
2019-04-17,2983.990
2019-04-18,2989.720
2019-04-19,
2019-04-22,2983.640
2019-04-23,2988.120
2019-04-24,2997.560
2019-04-25,2996.200
2019-04-26,3002.990
2019-04-29,2997.850
2019-04-30,3003.350
2019-05-01,3004.590
2019-05-02,2994.520
2019-05-03,2998.850
2019-05-06,3003.380
2019-05-07,3011.180
2019-05-08,3003.910
2019-05-09,3004.620
2019-05-10,3004.270
2019-05-13,3009.940
2019-05-14,3007.860
2019-05-15,3015.060
2019-05-16,3012.130
2019-05-17,3014.250
2019-05-20,3010.480
2019-05-21,3008.200
2019-05-22,3012.660
2019-05-23,3025.610
2019-05-24,3019.790
2019-05-27,3020.780
2019-05-28,3029.370
2019-05-29,3030.140
2019-05-30,3034.850
2019-05-31,3046.430
2019-06-03,3056.370
2019-06-04,3049.020
2019-06-05,3049.250
2019-06-06,3050.250
2019-06-07,3060.710
2019-06-10,3054.900
2019-06-11,3057.320
2019-06-12,3058.430
2019-06-13,3065.550
2019-06-14,3065.330
2019-06-17,3068.760
2019-06-18,3077.540
2019-06-19,3086.570
2019-06-20,3098.420
2019-06-21,3091.320
2019-06-24,3106.300
2019-06-25,3108.480
2019-06-26,3100.570
2019-06-27,3111.850
2019-06-28,3115.840
2019-06-30,3116.500
2019-07-01,3113.580
2019-07-02,3126.160
2019-07-03,3133.000
2019-07-04,3133.330
2019-07-05,3115.720
2019-07-08,3119.400
2019-07-09,3114.200
2019-07-10,3112.350
2019-07-11,3101.860
2019-07-12,3105.180
2019-07-15,3109.770
2019-07-16,3104.590
2019-07-17,3116.330
2019-07-18,3119.960
2019-07-19,3119.610
2019-07-22,3123.320
2019-07-23,3119.550
2019-07-24,3126.890
2019-07-25,3124.160
2019-07-26,3125.040
2019-07-29,3131.250
2019-07-30,3128.620
2019-07-31,3136.920
2019-08-01,3158.500
2019-08-02,3161.460
2019-08-05,3176.060
2019-08-06,3175.280
2019-08-07,3184.150
2019-08-08,3179.460
2019-08-09,3177.550
2019-08-12,3197.240
2019-08-13,3190.060
2019-08-14,3205.300
2019-08-15,3213.880
2019-08-16,3212.190
2019-08-19,3200.640
2019-08-20,3211.850
2019-08-21,3212.540
2019-08-22,3207.210
2019-08-23,3225.090
2019-08-26,3221.150
2019-08-27,3234.370
2019-08-28,3238.200
2019-08-29,3229.000
2019-08-30,3232.080
2019-08-31,3232.160
2019-09-02,3232.830
2019-09-03,3238.010
2019-09-04,3239.110
2019-09-05,3217.850
2019-09-06,3224.310
2019-09-09,3210.370
2019-09-10,3192.090
2019-09-11,3187.340
2019-09-12,3178.150
2019-09-13,3157.240
2019-09-16,3171.100
2019-09-17,3176.760
2019-09-18,3184.350
2019-09-19,3190.760
2019-09-20,3196.930
2019-09-23,3207.700
2019-09-24,3220.710
2019-09-25,3198.230
2019-09-26,3209.290
2019-09-27,3211.090
2019-09-30,3212.170
2019-10-01,3218.160
2019-10-02,3220.410
2019-10-03,3232.290
2019-10-04,3238.340
2019-10-07,3231.030
2019-10-08,3231.420
2019-10-09,3222.970
2019-10-10,3210.120
2019-10-11,3198.400
2019-10-14,3199.400
2019-10-15,3200.290
2019-10-16,3205.330
2019-10-17,3206.180
2019-10-18,3209.260
2019-10-21,3204.010
2019-10-22,3212.920
2019-10-23,3213.320
2019-10-24,3213.920
2019-10-25,3208.840
2019-10-28,3202.040
2019-10-29,3206.210
2019-10-30,3212.760
2019-10-31,3231.820
2019-11-01,3226.780
2019-11-04,3217.210
2019-11-05,3203.460
2019-11-06,3215.150
2019-11-07,3196.090
2019-11-08,3194.380
2019-11-11,3195.390
2019-11-12,3201.180
2019-11-13,3207.910
2019-11-14,3218.350
2019-11-15,3214.700
2019-11-18,3220.230
2019-11-19,3225.670
2019-11-20,3233.560
2019-11-21,3225.630
2019-11-22,3227.130
2019-11-25,3233.730
2019-11-26,3242.430
2019-11-27,3239.070
2019-11-28,
2019-11-29,3238.490
2019-11-30,3238.820
2019-12-02,3224.510
2019-12-03,3249.290
2019-12-04,3237.630
2019-12-05,3238.000
2019-12-06,3233.160
2019-12-09,3238.880
2019-12-10,3240.980
2019-12-11,3250.150
2019-12-12,3230.490
2019-12-13,3251.110
2019-12-16,3240.770
2019-12-17,3243.310
2019-12-18,3239.360
2019-12-19,3244.490
2019-12-20,3244.380
2019-12-23,3241.990
2019-12-24,3247.710
2019-12-25,
2019-12-26,3249.200
2019-12-27,3257.100
2019-12-30,3253.180
2019-12-31,3249.020
2020-01-01,
2020-01-02,3256.100
2020-01-03,3272.650
2020-01-06,3263.670
2020-01-07,3258.230
2020-01-08,3247.320
2020-01-09,3256.190
2020-01-10,3267.810
2020-01-13,3264.510
2020-01-14,3269.380
2020-01-15,3276.280
2020-01-16,3274.850
2020-01-17,3273.050
2020-01-20,3274.060
2020-01-21,3289.660
2020-01-22,3293.150
2020-01-23,3297.670
2020-01-24,3308.010
2020-01-27,3316.070
2020-01-28,3307.860
2020-01-29,3320.210
2020-01-30,3322.100
2020-01-31,3326.210
2020-02-03,3327.400
2020-02-04,3312.400
2020-02-05,3307.160
2020-02-06,3313.720
2020-02-07,3328.740
2020-02-10,3334.370
2020-02-11,3327.650
2020-02-12,3321.550
2020-02-13,3325.280
2020-02-14,3332.550
2020-02-17,3333.550
2020-02-18,3340.140
2020-02-19,3337.640
2020-02-20,3344.470
2020-02-21,3353.080
2020-02-24,3363.530
2020-02-25,3365.370
2020-02-26,3365.300
2020-02-27,3352.810
2020-02-28,3368.460
2020-02-29,3369.130
2020-03-02,3370.820
2020-03-03,3386.550
2020-03-04,3394.780
2020-03-05,3403.640
2020-03-06,3431.790
2020-03-09,3381.480
2020-03-10,3323.690
2020-03-11,3289.970
2020-03-12,3219.040
2020-03-13,3187.610
2020-03-16,3186.530
2020-03-17,3102.560
2020-03-18,2985.980
2020-03-19,2935.920
2020-03-20,2912.160
2020-03-23,2925.220
2020-03-24,2953.530
2020-03-25,2999.840
2020-03-26,3049.190
2020-03-27,3078.060
2020-03-30,3105.810
2020-03-31,3117.320
2020-04-01,3122.700
2020-04-02,3121.870
2020-04-03,3126.030
2020-04-06,3119.870
2020-04-07,3133.450
2020-04-08,3147.790
2020-04-09,3203.710
2020-04-10,
2020-04-13,3232.210
2020-04-14,3250.720
2020-04-15,3269.850
2020-04-16,3279.720
2020-04-17,3272.320
2020-04-20,3273.330
2020-04-21,3274.780
2020-04-22,3265.870
2020-04-23,3276.230
2020-04-24,3279.360
2020-04-27,3267.060
2020-04-28,3278.850
2020-04-29,3280.080
2020-04-30,3281.690
2020-05-01,3275.740
2020-05-04,3270.830
2020-05-05,3267.820
2020-05-06,3251.720
2020-05-07,3266.230
2020-05-08,3247.870
2020-05-11,3232.240
2020-05-12,3246.860
2020-05-13,3255.180
2020-05-14,3263.170
2020-05-15,3263.890
2020-05-18,3258.060
2020-05-19,3278.730
2020-05-20,3300.990
2020-05-21,3308.890
2020-05-22,3315.170
2020-05-25,3316.170
2020-05-26,3314.790
2020-05-27,3322.480
2020-05-28,3321.610
2020-05-29,3338.720
2020-05-31,3339.060
2020-06-01,3337.700
2020-06-02,3342.240
2020-06-03,3342.790
2020-06-04,3338.910
2020-06-05,3350.990
2020-06-08,3366.510
2020-06-09,3374.600
2020-06-10,3385.760
2020-06-11,3386.290
2020-06-12,3375.350
2020-06-15,3372.590
2020-06-16,3388.900
2020-06-17,3395.340
2020-06-18,3402.390
2020-06-19,3404.290
2020-06-22,3403.800
2020-06-23,3401.660
2020-06-24,3399.390
2020-06-25,3399.160
2020-06-26,3406.260
2020-06-29,3404.120
2020-06-30,3406.350
2020-07-01,3409.530
2020-07-02,3421.090
2020-07-03,3421.420
2020-07-06,3428.520
2020-07-07,3440.600
2020-07-08,3440.840
2020-07-09,3455.900
2020-07-10,3449.460
2020-07-13,3451.820
2020-07-14,3459.250
2020-07-15,3460.890
2020-07-16,3469.440
2020-07-17,3468.930
2020-07-20,3477.980
2020-07-21,3488.590
2020-07-22,3497.870
2020-07-23,3506.560
2020-07-24,3505.330
2020-07-27,3500.480
2020-07-28,3504.620
2020-07-29,3502.120
2020-07-30,3511.670
2020-07-31,3513.670
2020-08-03,3508.430
2020-08-04,3523.500
2020-08-05,3522.460
2020-08-06,3529.510
2020-08-07,3525.760
2020-08-10,3524.000
2020-08-11,3503.370
2020-08-12,3500.440
2020-08-13,3485.130
2020-08-14,3479.090
2020-08-17,3480.910
2020-08-18,3481.590
2020-08-19,3477.860
2020-08-20,3484.620
2020-08-21,3488.160
2020-08-24,3489.650
2020-08-25,3480.440
2020-08-26,3475.280
2020-08-27,3456.270
2020-08-28,3458.650
2020-08-31,3473.120
2020-09-01,3484.070
2020-09-02,3498.320
2020-09-03,3504.340
2020-09-04,3472.300
2020-09-07,3473.280
2020-09-08,3478.830
2020-09-09,3471.400
2020-09-10,3477.990
2020-09-11,3481.890
2020-09-14,3485.370
2020-09-15,3483.420
2020-09-16,3483.100
2020-09-17,3487.260
2020-09-18,3483.100
2020-09-21,3483.920
2020-09-22,3485.120
2020-09-23,3478.890
2020-09-24,3471.950
2020-09-25,3463.160
2020-09-28,3462.650
2020-09-29,3469.980
2020-09-30,3463.950
2020-10-01,3465.700
2020-10-02,3461.600
2020-10-05,3451.130
2020-10-06,3465.860
2020-10-07,3457.720
2020-10-08,3466.420
2020-10-09,3466.840
2020-10-12,3467.820
2020-10-13,3485.260
2020-10-14,3487.420
2020-10-15,3482.530
2020-10-16,3482.000
2020-10-19,3480.240
2020-10-20,3470.000
2020-10-21,3466.640
2020-10-22,3460.160
2020-10-23,3465.680
2020-10-26,3476.010
2020-10-27,3482.780
2020-10-28,3475.920
2020-10-29,3462.640
2020-10-30,3457.930
2020-10-31,3458.000
2020-11-02,3462.940
2020-11-03,3460.080
2020-11-04,3494.120
2020-11-05,3505.160
2020-11-06,3498.670
2020-11-09,3482.840
2020-11-10,3481.800
2020-11-11,3482.130
2020-11-12,3501.050
2020-11-13,3499.990
2020-11-16,3502.210
2020-11-17,3513.190
2020-11-18,3518.760
2020-11-19,3529.950
2020-11-20,3540.260
2020-11-23,3534.810
2020-11-24,3531.770
2020-11-25,3531.240
2020-11-26,3531.560
2020-11-27,3543.660
2020-11-30,3550.190
2020-12-01,3534.570
2020-12-02,3534.480
2020-12-03,3546.640
2020-12-04,3533.890
2020-12-07,3544.170
2020-12-08,3545.410
2020-12-09,3532.260
2020-12-10,3543.610
2020-12-11,3544.880
2020-12-14,3545.980
2020-12-15,3540.280
2020-12-16,3545.030
2020-12-17,3546.490
2020-12-18,3542.830
2020-12-21,3544.040
2020-12-22,3551.440
2020-12-23,3542.860
2020-12-24,3550.430
2020-12-25,
2020-12-28,3554.400
2020-12-29,3556.090
2020-12-30,3561.700
2020-12-31,3567.630
2021-01-01,
2021-01-04,3563.870
2021-01-05,3547.060
2021-01-06,3521.130
2021-01-07,3519.780
2021-01-08,3517.280
2021-01-11,3513.680
2021-01-12,3512.280
2021-01-13,3530.800
2021-01-14,3522.820
2021-01-15,3529.780
2021-01-18,3530.760
2021-01-19,3535.820
2021-01-20,3536.610
2021-01-21,3527.610
2021-01-22,3528.320
2021-01-25,3539.030
2021-01-26,3538.360
2021-01-27,3540.660
2021-01-28,3531.710
2021-01-29,3523.780
2021-01-31,3524.110
2021-02-01,3527.060
2021-02-02,3522.010
2021-02-03,3516.630
2021-02-04,3516.460
2021-02-05,3512.430
2021-02-08,3520.820
2021-02-09,3520.850
2021-02-10,3527.050
2021-02-11,3522.720
2021-02-12,3510.430
2021-02-15,3511.400
2021-02-16,3494.240
2021-02-17,3498.500
2021-02-18,3500.960
2021-02-19,3486.850
2021-02-22,3473.730
2021-02-23,3465.790
2021-02-24,3459.150
2021-02-25,3435.470
2021-02-26,3453.900
2021-02-28,3455.190
2021-03-01,3455.030
2021-03-02,3460.510
2021-03-03,3449.190
2021-03-04,3429.950
2021-03-05,3423.150
2021-03-08,3410.170
2021-03-09,3414.970
2021-03-10,3422.580
2021-03-11,3423.370
2021-03-12,3397.660
2021-03-15,3403.890
2021-03-16,3401.300
2021-03-17,3395.330
2021-03-18,3385.760
2021-03-19,3390.090
2021-03-22,3404.820
2021-03-23,3412.060
2021-03-24,3417.920
2021-03-25,3414.960
2021-03-26,3409.930
2021-03-29,3399.470
2021-03-30,3406.110
2021-03-31,3407.270
2021-04-01,3430.060
2021-04-02,
2021-04-05,3425.190
2021-04-06,3437.310
2021-04-07,3436.810
2021-04-08,3441.600
2021-04-09,3437.470
2021-04-12,3435.960
2021-04-13,3446.460
2021-04-14,3444.560
2021-04-15,3469.890
2021-04-16,3455.960
2021-04-19,3446.140
2021-04-20,3452.500
2021-04-21,3452.320
2021-04-22,3458.280
2021-04-23,3457.170
2021-04-26,3459.490
2021-04-27,3448.230
2021-04-28,3448.210
2021-04-29,3445.890
2021-04-30,3447.810
2021-05-03,3455.150
2021-05-04,3458.680
2021-05-05,3461.840
2021-05-06,3467.390
2021-05-07,3463.830
2021-05-10,3457.390
2021-05-11,3447.530
2021-05-12,3430.680
2021-05-13,3437.650
2021-05-14,3447.640
2021-05-17,3449.780
2021-05-18,3448.480
2021-05-19,3438.090
2021-05-20,3451.420
2021-05-21,3454.410
2021-05-24,3463.100
2021-05-25,3474.870
2021-05-26,3474.100
2021-05-27,3466.910
2021-05-28,3471.380
2021-05-31,3472.020
2021-06-01,3466.910
2021-06-02,3473.110
2021-06-03,3465.960
2021-06-04,3481.510
2021-06-07,3479.500
2021-06-08,3489.870
2021-06-09,3499.990
2021-06-10,3506.510
2021-06-11,3508.390
2021-06-14,3500.350
2021-06-15,3500.250
2021-06-16,3492.350
2021-06-17,3514.110
2021-06-18,3527.420
2021-06-21,3513.740
2021-06-22,3514.690
2021-06-23,3512.130
2021-06-24,3515.030
2021-06-25,3501.950
2021-06-28,3520.210
2021-06-29,3521.780
2021-06-30,3529.820
2021-07-01,3522.200
2021-07-02,3533.040
2021-07-05,3534.000
2021-07-06,3546.000
2021-07-07,3557.130
2021-07-08,3561.300
2021-07-09,3543.920
2021-07-12,3543.030
2021-07-13,3530.990
2021-07-14,3545.360
2021-07-15,3559.130
2021-07-16,3555.480
2021-07-19,3577.730
2021-07-20,3567.650
2021-07-21,3555.760
2021-07-22,3563.670
2021-07-23,3560.390
2021-07-26,3562.340
2021-07-27,3570.760
2021-07-28,3565.550
2021-07-29,3566.880
2021-07-30,3572.440
2021-07-31,3572.510
2021-08-02,3584.730
2021-08-03,3583.860
2021-08-04,3583.660
2021-08-05,3575.830
2021-08-06,3556.410
2021-08-09,3547.630
2021-08-10,3540.390
2021-08-11,3537.580
2021-08-12,3536.000
2021-08-13,3555.760
2021-08-16,3565.400
2021-08-17,3563.060
2021-08-18,3561.440
2021-08-19,3565.020
2021-08-20,3564.110
2021-08-23,3566.570
2021-08-24,3560.380
2021-08-25,3549.580
2021-08-26,3553.850
2021-08-27,3562.470
2021-08-30,3570.570
2021-08-31,3565.440
2021-09-01,3567.260
2021-09-02,3570.720
2021-09-03,3563.850
2021-09-06,3564.810
2021-09-07,3552.850
2021-09-08,3560.300
2021-09-09,3573.780
2021-09-10,3566.830
2021-09-13,3574.990
2021-09-14,3587.150
2021-09-15,3581.470
2021-09-16,3576.180
2021-09-17,3568.970
2021-09-20,3581.570
2021-09-21,3579.280
2021-09-22,3580.160
2021-09-23,3563.740
2021-09-24,3552.930
2021-09-27,3552.470
2021-09-28,3533.840
2021-09-29,3530.960
2021-09-30,3527.750
2021-10-01,3541.650
2021-10-04,3538.860
2021-10-05,3527.680
2021-10-06,3527.760
2021-10-07,3515.490
2021-10-08,3505.870
2021-10-11,3506.820
2021-10-12,3512.210
2021-10-13,3524.140
2021-10-14,3532.230
2021-10-15,3524.220
2021-10-18,3527.450
2021-10-19,3514.570
2021-10-20,3511.520
2021-10-21,3502.170
2021-10-22,3508.340
2021-10-25,3513.380
2021-10-26,3521.110
2021-10-27,3546.720
2021-10-28,3536.160
2021-10-29,3536.240
2021-10-31,3536.560
2021-11-01,3530.360
2021-11-02,3536.640
2021-11-03,3530.600
2021-11-04,3544.270
2021-11-05,3565.890
2021-11-08,3560.760
2021-11-09,3575.500
2021-11-10,3543.950
2021-11-11,3544.270
2021-11-12,3532.100
2021-11-15,3518.380
2021-11-16,3511.420
2021-11-17,3515.360
2021-11-18,3522.020
2021-11-19,3535.300
2021-11-22,3513.260
2021-11-23,3498.620
2021-11-24,3503.860
2021-11-25,3504.170
2021-11-26,3528.840
2021-11-29,3520.360
2021-11-30,3539.800
2021-12-01,3538.770
2021-12-02,3532.700
2021-12-03,3560.900
2021-12-06,3543.060
2021-12-07,3540.320
2021-12-08,3526.930
2021-12-09,3529.800
2021-12-10,3527.360
2021-12-13,3544.670
2021-12-14,3537.190
2021-12-15,3526.760
2021-12-16,3535.050
2021-12-17,3540.090
2021-12-20,3531.340
2021-12-21,3519.230
2021-12-22,3530.550
2021-12-23,3521.020
2021-12-24,
2021-12-27,3527.770
2021-12-28,3529.050
2021-12-29,3517.590
2021-12-30,3525.790
2021-12-31,3533.730
2022-01-03,3500.610
2022-01-04,3491.410
2022-01-05,3487.350
2022-01-06,3480.580
2022-01-07,3472.180
2022-01-10,3467.680
2022-01-11,3474.820
2022-01-12,3476.440
2022-01-13,3478.290
2022-01-14,3459.130
2022-01-17,3460.080
2022-01-18,3433.860
2022-01-19,3445.100
2022-01-20,3441.480
2022-01-21,3452.320
2022-01-24,3446.190
2022-01-25,3434.860
2022-01-26,3425.230
2022-01-27,3427.510
2022-01-28,3423.880
2022-01-31,3423.310
2022-02-01,3422.750
2022-02-02,3433.300
2022-02-03,3415.100
2022-02-04,3385.370
2022-02-07,3386.030
2022-02-08,3380.070
2022-02-09,3386.060
2022-02-10,3358.120
2022-02-11,3366.950
2022-02-14,3350.650
2022-02-15,3338.170
2022-02-16,3332.090
2022-02-17,3336.690
2022-02-18,3341.730
2022-02-21,3342.680
2022-02-22,3333.310
2022-02-23,3325.210
2022-02-24,3308.730
2022-02-25,3316.580
2022-02-28,3348.650
2022-03-01,3370.860
2022-03-02,3332.340
2022-03-03,3334.970
2022-03-04,3347.710
2022-03-07,3328.950
2022-03-08,3290.590
2022-03-09,3279.280
2022-03-10,3258.120
2022-03-11,3256.840
2022-03-14,3224.550
2022-03-15,3220.150
2022-03-16,3233.010
2022-03-17,3252.200
2022-03-18,3269.520
2022-03-21,3240.650
2022-03-22,3232.420
2022-03-23,3246.720
2022-03-24,3241.180
2022-03-25,3214.630
2022-03-28,3221.130
2022-03-29,3242.940
2022-03-30,3256.360
2022-03-31,3260.280
2022-04-01,3257.680
2022-04-04,3255.590
2022-04-05,3230.280
2022-04-06,3213.790
2022-04-07,3204.330
2022-04-08,3184.770
2022-04-11,3163.430
2022-04-12,3169.090
2022-04-13,3170.730
2022-04-14,3146.810
2022-04-15,
2022-04-18,3136.560
2022-04-19,3120.640
2022-04-20,3137.930
2022-04-21,3117.490
2022-04-22,3107.880
2022-04-25,3120.150
2022-04-26,3129.340
2022-04-27,3119.470
2022-04-28,3107.000
2022-04-29,3097.870
2022-04-30,3098.190
2022-05-02,3071.620
2022-05-03,3083.530
2022-05-04,3092.310
2022-05-05,3063.480
2022-05-06,3051.400
2022-05-09,3051.920
2022-05-10,3067.180
2022-05-11,3081.450
2022-05-12,3093.310
2022-05-13,3067.580
2022-05-16,3073.330
2022-05-17,3053.500
2022-05-18,3063.910
2022-05-19,3065.870
2022-05-20,3079.230
2022-05-23,3068.410
2022-05-24,3091.820
2022-05-25,3107.480
2022-05-26,3119.300
2022-05-27,3125.480
2022-05-30,3126.360
2022-05-31,3114.770
2022-06-01,3105.650
2022-06-02,3107.550
2022-06-03,3098.400
2022-06-06,3084.080
2022-06-07,3096.640
2022-06-08,3086.830
2022-06-09,3081.770
2022-06-10,3050.570
2022-06-13,2996.170
2022-06-14,2976.400
2022-06-15,2994.810
2022-06-16,3000.980
2022-06-17,3013.200
2022-06-20,3014.180
2022-06-21,3001.550
2022-06-22,3022.820
2022-06-23,3034.250
2022-06-24,3026.650
2022-06-27,3017.190
2022-06-28,3010.280
2022-06-29,3027.590
2022-06-30,3041.570
2022-07-01,3048.140
2022-07-04,3049.120
2022-07-05,3062.640
2022-07-06,3044.850
2022-07-07,3038.600
2022-07-08,3027.760
2022-07-11,3048.780
2022-07-12,3053.970
2022-07-13,3060.020
2022-07-14,3050.100
2022-07-15,3059.500
2022-07-18,3059.560
2022-07-19,3050.700
2022-07-20,3052.820
2022-07-21,3081.350
2022-07-22,3104.660
2022-07-25,3092.520
2022-07-26,3094.090
2022-07-27,3105.990
2022-07-28,3114.750
2022-07-29,3130.930
2022-07-31,3131.260
2022-08-01,3141.580
2022-08-02,3116.660
2022-08-03,3118.510
2022-08-04,3130.050
2022-08-05,3098.350
2022-08-08,3114.370
2022-08-09,3105.580
2022-08-10,3113.010
2022-08-11,3100.250
2022-08-12,3111.710
2022-08-15,3124.070
2022-08-16,3118.190
2022-08-17,3101.920
2022-08-18,3105.040
2022-08-19,3080.890
2022-08-22,3067.430
2022-08-23,3065.630
2022-08-24,3056.750
2022-08-25,3076.470
2022-08-26,3075.990
2022-08-29,3058.390
2022-08-30,3058.040
2022-08-31,3047.930
2022-09-01,3015.760
2022-09-02,3030.540
2022-09-05,3031.540
2022-09-06,2999.460
2022-09-07,3016.620
2022-09-08,3014.260
2022-09-09,3014.680
2022-09-12,3011.540
2022-09-13,2997.050
2022-09-14,3000.320
2022-09-15,2993.010
2022-09-16,2985.830
2022-09-19,2983.210
2022-09-20,2971.630
2022-09-21,2984.010
2022-09-22,2947.350
2022-09-23,2941.030
2022-09-26,2906.040
2022-09-27,2875.310
2022-09-28,2907.260
2022-09-29,2887.860
2022-09-30,2886.140
2022-10-03,2916.620
2022-10-04,2928.540
2022-10-05,2910.700
2022-10-06,2905.610
2022-10-07,2890.250
2022-10-10,2891.260
2022-10-11,2869.150
2022-10-12,2867.650
2022-10-13,2853.660
2022-10-14,2844.360
2022-10-17,2846.420
2022-10-18,2855.250
2022-10-19,2831.080
2022-10-20,2814.760
2022-10-21,2809.290
2022-10-24,2810.880
2022-10-25,2839.860
2022-10-26,2853.670
2022-10-27,2868.580
2022-10-28,2861.100
2022-10-31,2853.970
2022-11-01,2862.590
2022-11-02,2861.650
2022-11-03,2846.500
2022-11-04,2844.030
2022-11-07,2839.620
2022-11-08,2854.540
2022-11-09,2857.380
2022-11-10,2914.420
2022-11-11,2914.760
2022-11-14,2919.840
2022-11-15,2944.820
2022-11-16,2965.330
2022-11-17,2951.530
2022-11-18,2949.340
2022-11-21,2954.190
2022-11-22,2969.680
2022-11-23,2987.610
2022-11-24,2987.950
2022-11-25,2989.840
2022-11-28,2991.210
2022-11-29,2977.800
2022-11-30,2994.310
2022-12-01,3031.230
2022-12-02,3041.860
2022-12-05,3023.740
2022-12-06,3038.420
2022-12-07,3061.460
2022-12-08,3057.040
2022-12-09,3036.770
2022-12-12,3038.110
2022-12-13,3058.910
2022-12-14,3064.240
2022-12-15,3065.230
2022-12-16,3054.640
2022-12-19,3035.020
2022-12-20,3013.520
2022-12-21,3018.550
2022-12-22,3018.460
2022-12-23,3006.030
2022-12-26,
2022-12-27,2987.490
2022-12-28,2981.160
2022-12-29,2991.150
2022-12-30,2987.870
2022-12-31,2987.970
2023-01-02,
2023-01-03,2996.210
2023-01-04,3013.220
2023-01-05,3012.360
2023-01-06,3042.940
2023-01-09,3056.820
2023-01-10,3044.690
2023-01-11,3066.800
2023-01-12,3092.770
2023-01-13,3083.740
2023-01-16,3084.770
2023-01-17,3083.750
2023-01-18,3116.380
2023-01-19,3106.460
2023-01-20,3089.070
2023-01-23,3085.470
2023-01-24,3100.610
2023-01-25,3103.070
2023-01-26,3100.400
2023-01-27,3097.860
2023-01-30,3091.220
2023-01-31,3104.170
2023-02-01,3124.000
2023-02-02,3133.040
2023-02-03,3108.320
2023-02-06,3090.500
2023-02-07,3081.900
2023-02-08,3087.820
2023-02-09,3074.370
2023-02-10,3056.000
2023-02-13,3061.590
2023-02-14,3053.510
2023-02-15,3046.050
2023-02-16,3032.220
2023-02-17,3035.770
2023-02-20,3036.820
2023-02-21,3008.100
2023-02-22,3013.930
2023-02-23,3023.870
2023-02-24,3007.260
2023-02-27,3012.550
2023-02-28,3013.750
2023-03-01,2997.980
2023-03-02,2990.740
2023-03-03,3016.660
2023-03-06,3015.440
2023-03-07,3012.370
2023-03-08,3006.630
2023-03-09,3013.100
2023-03-10,3044.370
2023-03-13,3051.030
2023-03-14,3032.700
2023-03-15,3047.450
2023-03-16,3035.730
2023-03-17,3061.940
2023-03-20,3052.150
2023-03-21,3050.450
2023-03-22,3081.080
2023-03-23,3087.490
2023-03-24,3085.250
2023-03-27,3063.450
2023-03-28,3059.710
2023-03-29,3061.730
2023-03-30,3071.700
2023-03-31,3090.990
2023-04-03,3104.660
2023-04-04,3117.230
2023-04-05,3123.460
2023-04-06,3125.440
2023-04-07,
2023-04-10,3104.310
2023-04-11,3108.100
2023-04-12,3113.140
2023-04-13,3106.990
2023-04-14,3096.610
2023-04-17,3084.760
2023-04-18,3091.290
2023-04-19,3086.520
2023-04-20,3095.420
2023-04-21,3090.530
2023-04-24,3104.000
2023-04-25,3125.010
2023-04-26,3111.880
2023-04-27,3098.980
2023-04-28,3116.490
2023-04-30,3117.200
2023-05-01,3084.140
2023-05-02,3109.540
2023-05-03,3122.110
2023-05-04,3109.070
2023-05-05,3101.710
2023-05-08,3084.780
2023-05-09,3081.050
2023-05-10,3099.300
2023-05-11,3109.100
2023-05-12,3097.140
2023-05-15,3086.730
2023-05-16,3077.550
2023-05-17,3071.250
2023-05-18,3059.070
2023-05-19,3053.900
2023-05-22,3052.980
2023-05-23,3056.850
2023-05-24,3049.250
2023-05-25,3040.460
2023-05-26,3041.020
2023-05-29,3042.100
2023-05-30,3067.690
2023-05-31,3075.790
2023-06-01,3083.440
2023-06-02,3071.310
2023-06-05,3072.600
2023-06-06,3075.190
2023-06-07,3058.150
2023-06-08,3071.340
2023-06-09,3064.980
2023-06-12,3069.630
2023-06-13,3058.050
2023-06-14,3064.200
2023-06-15,3080.960
2023-06-16,3077.440
2023-06-19,3078.530
2023-06-20,3087.090
2023-06-21,3089.520
2023-06-22,3075.050
2023-06-23,3083.920
2023-06-26,3089.080
2023-06-27,3082.800
2023-06-28,3091.970
2023-06-29,3071.310
2023-06-30,3084.540
2023-07-03,3079.050
2023-07-04,3079.410
2023-07-05,3069.320
2023-07-06,3047.330
2023-07-07,3045.110
2023-07-10,3054.040
2023-07-11,3061.840
2023-07-12,3086.930
2023-07-13,3106.720
2023-07-14,3094.550
2023-07-17,3095.190
2023-07-18,3100.710
2023-07-19,3113.730
2023-07-20,3095.360
2023-07-21,3097.820
2023-07-24,3095.430
2023-07-25,3094.500
2023-07-26,3101.630
2023-07-27,3081.500
2023-07-28,3091.680
2023-07-31,3097.910
2023-08-01,3080.110
2023-08-02,3067.960
2023-08-03,3044.350
2023-08-04,3069.160
2023-08-07,3063.200
2023-08-08,3074.230
2023-08-09,3077.310
2023-08-10,3059.600
2023-08-11,3050.840
2023-08-14,3047.940
2023-08-15,3040.760
2023-08-16,3029.510
2023-08-17,3025.010
2023-08-18,3029.350
2023-08-21,3014.970
2023-08-22,3020.890
2023-08-23,3050.520
2023-08-24,3045.470
2023-08-25,3046.620
2023-08-28,3053.320
2023-08-29,3070.490
2023-08-30,3071.350
2023-08-31,3076.760
2023-09-01,3060.590
2023-09-04,3061.700
2023-09-05,3045.380
2023-09-06,3040.170
2023-09-07,3047.830
2023-09-08,3051.930
2023-09-11,3048.040
2023-09-12,3050.300
2023-09-13,3052.160
2023-09-14,3047.800
2023-09-15,3041.790
2023-09-18,3046.390
2023-09-19,3039.410
2023-09-20,3041.900
2023-09-21,3019.050
2023-09-22,3032.050
2023-09-25,3013.110
2023-09-26,3009.740
2023-09-27,2998.810
2023-09-28,3000.900
2023-09-29,3001.010
2023-09-30,3001.390
2023-10-02,2980.110
2023-10-03,2954.870
2023-10-04,2969.810
2023-10-05,2969.810
2023-10-06,2957.550
2023-10-09,2958.680
2023-10-10,2987.750
2023-10-11,3004.000
2023-10-12,2979.040
2023-10-13,2993.930
2023-10-16,2979.750
2023-10-17,2959.510
2023-10-18,2945.440
2023-10-19,2928.580
2023-10-20,2935.860
2023-10-23,2949.370
2023-10-24,2961.270
2023-10-25,2941.830
2023-10-26,2957.830
2023-10-27,2958.430
2023-10-30,2951.530
2023-10-31,2946.760
2023-11-01,2972.250
2023-11-02,2996.580
2023-11-03,3015.690
2023-11-06,3004.530
2023-11-07,3018.290
2023-11-08,3032.280
2023-11-09,3008.240
2023-11-10,3014.600
2023-11-13,3017.350
2023-11-14,3055.410
2023-11-15,3040.500
2023-11-16,3057.890
2023-11-17,3064.320
2023-11-20,3073.200
2023-11-21,3076.410
2023-11-22,3081.200
2023-11-23,3081.580
2023-11-24,3070.870
2023-11-27,3092.570
2023-11-28,3101.220
2023-11-29,3122.210
2023-11-30,3112.980
2023-12-01,3138.620
2023-12-04,3132.490
2023-12-05,3152.060
2023-12-06,3164.310
2023-12-07,3159.430
2023-12-08,3147.410
2023-12-11,3147.210
2023-12-12,3155.650
2023-12-13,3197.380
2023-12-14,3231.990
2023-12-15,3229.350
2023-12-18,3221.170
2023-12-19,3225.230
2023-12-20,3234.670
2023-12-21,3227.990
2023-12-22,3225.380
2023-12-25,
2023-12-26,3229.600
2023-12-27,3252.970
2023-12-28,3245.830
2023-12-29,3238.500
2023-12-31,3238.890
2024-01-01,
2024-01-02,3225.860
2024-01-03,3224.250
2024-01-04,3206.830
2024-01-05,3198.290
2024-01-08,3211.290
2024-01-09,3213.410
2024-01-10,3214.610
2024-01-11,3228.380
2024-01-12,3235.720
2024-01-15,3236.880
2024-01-16,3214.920
2024-01-17,3207.310
2024-01-18,3203.760
2024-01-19,3205.510
2024-01-22,3213.520
2024-01-23,3205.950
2024-01-24,3201.280
2024-01-25,3214.520
2024-01-26,3213.030
2024-01-29,3226.100
2024-01-30,3229.130
2024-01-31,3243.690
2024-02-01,3258.590
2024-02-02,3229.840
2024-02-05,3207.430
2024-02-06,3223.240
2024-02-07,3217.570
2024-02-08,3208.160
2024-02-09,3203.550
2024-02-12,3205.270
2024-02-13,3177.390
2024-02-14,3188.000
2024-02-15,3197.250
2024-02-16,3189.150
2024-02-19,3190.320
2024-02-20,3195.610
2024-02-21,3188.830
2024-02-22,3193.560
2024-02-23,3203.110
2024-02-26,3196.750
2024-02-27,3190.620
2024-02-28,3195.690
2024-02-29,3198.370
2024-03-01,3208.870
2024-03-04,3206.730
2024-03-05,3220.400
2024-03-06,3228.110
2024-03-07,3232.600
2024-03-08,3236.590
2024-03-11,3235.760
2024-03-12,3227.950
2024-03-13,3225.540
2024-03-14,3207.120
2024-03-15,3205.330
2024-03-18,3205.670
2024-03-19,3211.760
2024-03-20,3214.540
2024-03-21,3218.990
2024-03-22,3231.020
2024-03-25,3224.870
2024-03-26,3226.420
2024-03-27,3234.650
2024-03-28,3235.500
2024-03-29,
2024-03-31,3236.290
2024-04-01,3213.440
2024-04-02,3208.830
2024-04-03,3212.660
2024-04-04,3221.070
2024-04-05,3202.530
2024-04-08,3203.510
2024-04-09,3216.130
2024-04-10,3181.540
2024-04-11,3177.310
2024-04-12,3182.630
2024-04-15,3163.110
2024-04-16,3149.410
2024-04-17,3164.570
2024-04-18,3156.930
2024-04-19,3160.960
2024-04-22,3163.590
2024-04-23,3170.010
2024-04-24,3162.320
2024-04-25,3151.590
2024-04-26,3160.990
2024-04-29,3172.570
2024-04-30,3160.950
2024-05-01,3170.790
2024-05-02,3183.100
2024-05-03,3200.320
2024-05-06,3207.280
2024-05-07,3213.390
2024-05-08,3205.690
2024-05-09,3211.130
2024-05-10,3203.060
2024-05-13,3205.970
2024-05-14,3213.550
2024-05-15,3234.290
2024-05-16,3231.040
2024-05-17,3223.940
2024-05-20,3222.400
2024-05-21,3228.470
2024-05-22,3225.460
2024-05-23,3215.400
2024-05-24,3218.380
2024-05-27,3219.590
2024-05-28,3206.370
2024-05-29,3193.490
2024-05-30,3206.950
2024-05-31,3219.530
2024-06-03,3237.810
2024-06-04,3250.430
2024-06-05,3257.570
2024-06-06,3256.410
2024-06-07,3230.940
2024-06-10,3226.080
2024-06-11,3238.510
2024-06-12,3253.050
2024-06-13,3268.740
2024-06-14,3269.650
2024-06-17,3256.150
2024-06-18,3268.650
2024-06-19,3269.060
2024-06-20,3260.530
2024-06-21,3259.570
2024-06-24,3265.140
2024-06-25,3266.270
2024-06-26,3247.940
2024-06-27,3254.630
2024-06-28,3239.270
2024-06-30,3240.080
2024-07-01,3223.780
2024-07-02,3235.800
2024-07-03,3254.570
2024-07-04,3254.980
2024-07-05,3269.560
2024-07-08,3273.120
2024-07-09,3268.620
2024-07-10,3271.460
2024-07-11,3287.800
2024-07-12,3295.650
2024-07-15,3288.080
2024-07-16,3300.640
2024-07-17,3301.010
2024-07-18,3292.440
2024-07-19,3284.000
2024-07-22,3282.110
2024-07-23,3282.060
2024-07-24,3270.430
2024-07-25,3276.330
2024-07-26,3289.120
2024-07-29,3295.490
2024-07-30,3298.980
2024-07-31,3316.660
2024-08-01,3325.550
2024-08-02,3357.160
2024-08-05,3347.330
2024-08-06,3330.430
2024-08-07,3323.550
2024-08-08,3319.040
2024-08-09,3331.190
2024-08-12,3338.620
2024-08-13,3352.130
2024-08-14,3362.710
2024-08-15,3354.770
2024-08-16,3361.370
2024-08-19,3368.510
2024-08-20,3378.230
2024-08-21,3383.690
2024-08-22,3371.470
2024-08-23,3385.740
2024-08-26,3384.610
2024-08-27,3383.980
2024-08-28,3381.440
2024-08-29,3377.050
2024-08-30,3367.370
2024-08-31,3367.480
2024-09-02,3368.260
2024-09-03,3381.840
2024-09-04,3397.350
2024-09-05,3404.870
2024-09-06,3409.030
2024-09-09,3414.620
2024-09-10,3423.620
2024-09-11,3421.370
2024-09-12,3419.480
2024-09-13,3428.440
2024-09-16,3441.470
2024-09-17,3439.280
2024-09-18,3428.560
2024-09-19,3433.370
2024-09-20,3430.790
2024-09-23,3431.400
2024-09-24,3436.340
2024-09-25,3424.120
2024-09-26,3422.500
2024-09-27,3432.050
2024-09-30,3425.500
2024-10-01,3435.700
2024-10-02,3429.670
2024-10-03,3418.020
2024-10-04,3396.780
2024-10-07,3388.270
2024-10-08,3389.690
2024-10-09,3382.650
2024-10-10,3383.200
2024-10-11,3382.990
2024-10-14,3384.250
2024-10-15,3397.790
2024-10-16,3403.720
2024-10-17,3387.680
2024-10-18,3387.640
2024-10-21,3361.660
2024-10-22,3358.540
2024-10-23,3351.690
2024-10-24,3358.560
2024-10-25,3353.030
2024-10-28,3349.330
2024-10-29,3351.650
2024-10-30,3351.200
2024-10-31,3348.440
2024-11-01,3313.720
2024-11-04,3349.500
2024-11-05,3356.390
2024-11-06,3334.820
2024-11-07,3359.150
2024-11-08,3369.990
2024-11-11,3371.260
2024-11-12,3344.860
2024-11-13,3337.690
2024-11-14,3336.370
2024-11-15,3334.070
2024-11-18,3341.520
2024-11-19,3346.540
2024-11-20,3340.180
2024-11-21,3338.500
2024-11-22,3338.870
2024-11-25,3372.200
2024-11-26,3366.060
2024-11-27,3373.890
2024-11-28,3374.320
2024-11-29,3388.060
2024-11-30,3388.480
2024-12-02,3393.450
2024-12-03,3386.760
2024-12-04,3400.040
2024-12-05,3400.090
2024-12-06,3405.470
2024-12-09,3397.890
2024-12-10,3394.010
2024-12-11,3387.870
2024-12-12,3373.090
2024-12-13,3360.740
2024-12-16,3363.770
2024-12-17,3363.250
2024-12-18,3341.810
2024-12-19,3323.270
2024-12-20,3329.480
2024-12-23,3320.140
2024-12-24,3323.800
2024-12-25,
2024-12-26,3327.380
2024-12-27,3320.280
2024-12-30,3334.190
2024-12-31,3328.300
2025-01-01,
2025-01-02,3329.430
2025-01-03,3323.930
2025-01-06,3319.530
2025-01-07,3306.190
2025-01-08,3310.570
2025-01-09,3309.730
2025-01-10,3293.730
2025-01-13,3289.660
2025-01-14,3289.760
2025-01-15,3319.530
2025-01-16,3326.480
2025-01-17,3327.380
2025-01-20,3328.650
2025-01-21,3340.550
2025-01-22,3335.780
2025-01-23,3328.780
2025-01-24,3335.400
2025-01-27,3352.280
2025-01-28,3352.160
2025-01-29,3348.290
2025-01-30,3353.480
2025-01-31,3348.480
2025-02-03,3350.250
2025-02-04,3357.170
2025-02-05,3374.820
2025-02-06,3371.490
2025-02-07,3360.130
2025-02-10,3359.180
2025-02-11,3353.490
2025-02-12,3337.900
2025-02-13,3359.070
2025-02-14,3370.600
2025-02-17,3371.890
2025-02-18,3359.670
2025-02-19,3362.960
2025-02-20,3367.090
2025-02-21,3380.780
2025-02-24,3387.140
2025-02-25,3405.650
2025-02-26,3412.590
2025-02-27,3405.460
2025-02-28,3416.290
2025-03-03,3424.540
2025-03-04,3412.720
2025-03-05,3404.010
2025-03-06,3400.240
2025-03-07,3393.780
2025-03-10,3407.360
2025-03-11,3391.650
2025-03-12,3383.330
2025-03-13,3388.590
2025-03-14,3385.000
2025-03-17,3391.650
2025-03-18,3395.690
2025-03-19,3408.240
2025-03-20,3412.180
2025-03-21,3405.310
2025-03-24,3393.200
2025-03-25,3397.370
2025-03-26,3388.040
2025-03-27,3383.920
2025-03-28,3399.480
2025-03-31,3406.890
2025-04-01,3414.750
2025-04-02,3415.110
2025-04-03,3418.710
2025-04-04,3410.850
2025-04-07,3363.960
2025-04-08,3349.670
2025-04-09,3342.380
2025-04-10,3327.430
2025-04-11,3320.870
2025-04-14,3345.750
2025-04-15,3354.340
2025-04-16,3367.540
2025-04-17,3361.660
2025-04-18,
2025-04-21,3343.180
2025-04-22,3349.300
2025-04-23,3362.040
2025-04-24,3381.180
2025-04-25,3395.830
2025-04-28,3406.640
2025-04-29,3412.760
2025-04-30,3406.040
2025-05-01,3392.930
2025-05-02,3381.460
2025-05-05,3378.110
2025-05-06,3384.440
2025-05-07,3391.420
2025-05-08,3377.620
2025-05-09,3380.090
2025-05-12,3374.040
2025-05-13,3376.040
2025-05-14,3367.820
2025-05-15,3382.240
2025-05-16,3386.350
2025-05-19,3386.830
2025-05-20,3384.340
2025-05-21,3362.120
2025-05-22,3368.940
2025-05-23,3371.900
2025-05-26,3373.230
2025-05-27,3393.070
2025-05-28,3387.880
2025-05-29,3400.910
2025-05-30,3406.010
2025-05-31,3406.130
2025-06-02,3397.760
2025-06-03,3400.750
2025-06-04,3422.500
2025-06-05,3416.070
2025-06-06,3399.220
2025-06-09,3405.830
2025-06-10,3410.830
2025-06-11,3421.120
2025-06-12,3434.400
2025-06-13,3421.260
2025-06-16,3415.250
2025-06-17,3427.330
2025-06-18,3427.660
2025-06-19,3428.110
2025-06-20,3429.230
2025-06-23,3436.350
2025-06-24,3448.820
2025-06-25,3450.210
2025-06-26,3458.500
2025-06-27,3452.600
2025-06-30,3468.010
2025-07-01,3470.120
2025-07-02,3467.610
2025-07-03,3461.200
2025-07-04,3461.650
2025-07-07,3450.590
2025-07-08,3446.010
2025-07-09,3456.750
2025-07-10,3458.370
2025-07-11,3442.720
2025-07-14,3442.210
2025-07-15,3434.650
2025-07-16,3441.400
2025-07-17,3442.840
2025-07-18,3448.590
2025-07-21,3460.380
2025-07-22,3466.130
2025-07-23,3460.160
2025-07-24,3458.840
2025-07-25,3466.360
2025-07-28,3462.030
2025-07-29,3479.420
2025-07-30,3470.880
2025-07-31,3473.170
2025-08-01,3496.230
2025-08-04,3500.850
2025-08-05,3502.250
2025-08-06,3500.580
2025-08-07,3500.220
2025-08-08,3492.490
2025-08-11,3494.760
2025-08-12,3495.210
2025-08-13,3511.150
2025-08-14,3502.280
2025-08-15,3498.710
2025-08-18,3496.690
2025-08-19,3501.950
2025-08-20,3502.540
2025-08-21,3494.100
2025-08-22,3511.250
2025-08-25,3509.650
2025-08-26,3510.600
2025-08-27,3511.930
2025-08-28,3518.110
2025-08-29,3509.590
2025-08-31,3510.040
2025-09-01,3510.440
2025-09-02,3499.330
2025-09-03,3513.930
2025-09-04,3529.310
2025-09-05,3548.170
2025-09-08,3561.110
2025-09-09,3553.250
2025-09-10,3563.310
2025-09-11,3572.250
2025-09-12,3567.560
2025-09-15,3576.100
2025-09-16,3577.730
2025-09-17,3571.230
2025-09-18,3563.890
2025-09-19,3563.840
2025-09-22,3559.190
2025-09-23,3565.840
2025-09-24,3556.400
2025-09-25,3549.370
2025-09-26,3550.740
2025-09-29,3562.140
2025-09-30,3559.850
2025-10-01,3568.610
2025-10-02,3574.340
2025-10-03,3569.880
2025-10-06,3563.640
2025-10-07,3569.140
2025-10-08,3568.900
2025-10-09,3563.300
2025-10-10,3574.030
2025-10-13,3575.400
2025-10-14,3584.410
2025-10-15,3587.070
2025-10-16,3596.830
2025-10-17,3592.410
2025-10-20,3600.110
2025-10-21,3604.740
2025-10-22,3603.020
2025-10-23,3598.370
2025-10-24,3602.980
2025-10-27,3609.040
2025-10-28,3610.180
2025-10-29,3593.070
2025-10-30,3583.310
2025-10-31,3575.770
2025-11-03,3568.170
2025-11-04,3572.450
2025-11-05,3562.040
2025-11-06,3574.390
2025-11-07,3569.780
2025-11-10,3570.280
2025-11-11,3570.750
2025-11-12,3579.010
2025-11-13,3567.380
