date,BAMLCC0A0CMTRIV
2007-01-01,
2007-01-02,1616.69
2007-01-03,1619.69
2007-01-04,1624.39
2007-01-05,1622.36
2007-01-08,1622.51
2007-01-09,1622.99
2007-01-10,1620.93
2007-01-11,1616.14
2007-01-12,1613.3
2007-01-15,1614.08
2007-01-16,1616.5
2007-01-17,1613.38
2007-01-18,1616.96
2007-01-19,1615.51
2007-01-22,1617.59
2007-01-23,1614.21
2007-01-24,1614.2
2007-01-25,1609.71
2007-01-26,1608.6
2007-01-29,1608.49
2007-01-30,1609.86
2007-01-31,1614.72
2007-02-01,1613.97
2007-02-02,1615.22
2007-02-05,1618.14
2007-02-06,1622.52
2007-02-07,1625.25
2007-02-08,1626.38
2007-02-09,1621.81
2007-02-12,1621.06
2007-02-13,1620.19
2007-02-14,1628.2
2007-02-15,1631.16
2007-02-16,1633.23
2007-02-19,1634.02
2007-02-20,1635.38
2007-02-21,1634.79
2007-02-22,1631.28
2007-02-23,1636.61
2007-02-26,1641.99
2007-02-27,1651.76
2007-02-28,1647.49
2007-03-01,1647.55
2007-03-02,1650.92
2007-03-05,1648.92
2007-03-06,1648.31
2007-03-07,1651.14
2007-03-08,1651.12
2007-03-09,1643.54
2007-03-12,1647.91
2007-03-13,1652.1
2007-03-14,1648.96
2007-03-15,1648.03
2007-03-16,1647.19
2007-03-19,1645.66
2007-03-20,1646.93
2007-03-21,1649.91
2007-03-22,1643.46
2007-03-23,1641.54
2007-03-26,1644.71
2007-03-27,1642.52
2007-03-28,1641.51
2007-03-29,1640.76
2007-03-30,1639.23
2007-03-31,1639.46
2007-04-02,1640.71
2007-04-03,1638.97
2007-04-04,1639.97
2007-04-05,1637.96
2007-04-06,
2007-04-09,1632.81
2007-04-10,1635.81
2007-04-11,1635.2
2007-04-12,1635.57
2007-04-13,1633.69
2007-04-16,1637.23
2007-04-17,1642.23
2007-04-18,1646.07
2007-04-19,1644.97
2007-04-20,1645.25
2007-04-23,1648.07
2007-04-24,1651.23
2007-04-25,1648.76
2007-04-26,1644.92
2007-04-27,1644.03
2007-04-30,1651.59
2007-05-01,1651.02
2007-05-02,1650.7
2007-05-03,1648.35
2007-05-04,1651.95
2007-05-07,1653.23
2007-05-08,1653.53
2007-05-09,1649.86
2007-05-10,1652.01
2007-05-11,1650.26
2007-05-14,1649.93
2007-05-15,1648.01
2007-05-16,1648.91
2007-05-17,1644.69
2007-05-18,1640.6
2007-05-21,1642.64
2007-05-22,1639.0
2007-05-23,1636.67
2007-05-24,1637.25
2007-05-25,1637.02
2007-05-28,
2007-05-29,1636.02
2007-05-30,1636.27
2007-05-31,1635.24
2007-06-01,1629.64
2007-06-04,1633.69
2007-06-05,1629.23
2007-06-06,1629.37
2007-06-07,1616.81
2007-06-08,1615.13
2007-06-11,1614.54
2007-06-12,1604.62
2007-06-13,1609.71
2007-06-14,1608.44
2007-06-15,1612.98
2007-06-18,1616.02
2007-06-19,1621.52
2007-06-20,1617.96
2007-06-21,1614.1
2007-06-22,1616.55
2007-06-25,1622.7
2007-06-26,1619.92
2007-06-27,1622.63
2007-06-28,1618.68
2007-06-29,1627.12
2007-06-30,1627.38
2007-07-02,1630.75
2007-07-03,1626.49
2007-07-04,1626.75
2007-07-05,1617.81
2007-07-06,1613.79
2007-07-09,1618.04
2007-07-10,1628.8
2007-07-11,1624.19
2007-07-12,1620.54
2007-07-13,1621.73
2007-07-16,1628.68
2007-07-17,1624.67
2007-07-18,1630.47
2007-07-19,1628.12
2007-07-20,1632.21
2007-07-23,1631.35
2007-07-24,1631.89
2007-07-25,1633.61
2007-07-26,1633.74
2007-07-27,1629.68
2007-07-30,1627.71
2007-07-31,1632.03
2007-08-01,1632.61
2007-08-02,1633.81
2007-08-03,1638.73
2007-08-06,1634.4
2007-08-07,1633.78
2007-08-08,1624.5
2007-08-09,1629.84
2007-08-10,1629.66
2007-08-13,1631.37
2007-08-14,1634.04
2007-08-15,1633.2
2007-08-16,1640.08
2007-08-17,1633.2
2007-08-20,1636.88
2007-08-21,1640.92
2007-08-22,1637.81
2007-08-23,1639.6
2007-08-24,1639.14
2007-08-27,1643.4
2007-08-28,1648.87
2007-08-29,1646.26
2007-08-30,1650.34
2007-08-31,1648.1
2007-09-03,1648.67
2007-09-04,1647.11
2007-09-05,1655.04
2007-09-06,1651.36
2007-09-07,1661.54
2007-09-10,1664.14
2007-09-11,1659.68
2007-09-12,1655.06
2007-09-13,1647.88
2007-09-14,1650.02
2007-09-17,1650.9
2007-09-18,1651.14
2007-09-19,1648.87
2007-09-20,1638.67
2007-09-21,1645.31
2007-09-24,1648.83
2007-09-25,1650.35
2007-09-26,1650.79
2007-09-27,1656.63
2007-09-28,1656.79
2007-09-30,1657.34
2007-10-01,1659.58
2007-10-02,1662.22
2007-10-03,1662.14
2007-10-04,1665.7
2007-10-05,1656.23
2007-10-08,1657.05
2007-10-09,1657.53
2007-10-10,1659.56
2007-10-11,1660.44
2007-10-12,1658.55
2007-10-15,1660.78
2007-10-16,1662.06
2007-10-17,1671.76
2007-10-18,1675.02
2007-10-19,1683.59
2007-10-22,1682.73
2007-10-23,1682.94
2007-10-24,1688.66
2007-10-25,1686.21
2007-10-26,1683.62
2007-10-29,1685.12
2007-10-30,1684.39
2007-10-31,1675.35
2007-11-01,1684.13
2007-11-02,1688.33
2007-11-05,1683.64
2007-11-06,1678.86
2007-11-07,1677.76
2007-11-08,1679.84
2007-11-09,1682.69
2007-11-12,1683.52
2007-11-13,1677.98
2007-11-14,1677.17
2007-11-15,1685.66
2007-11-16,1685.02
2007-11-19,1689.71
2007-11-20,1688.61
2007-11-21,1691.3
2007-11-22,1691.57
2007-11-23,1691.44
2007-11-26,1706.88
2007-11-27,1695.6
2007-11-28,1686.95
2007-11-29,1692.66
2007-11-30,1690.08
2007-12-03,1697.5
2007-12-04,1696.2
2007-12-05,1691.81
2007-12-06,1681.15
2007-12-07,1669.84
2007-12-10,1668.15
2007-12-11,1684.27
2007-12-12,1677.25
2007-12-13,1668.62
2007-12-14,1662.88
2007-12-17,1668.41
2007-12-18,1676.33
2007-12-19,1681.73
2007-12-20,1686.46
2007-12-21,1673.01
2007-12-24,1669.83
2007-12-25,
2007-12-26,1663.33
2007-12-27,1671.64
2007-12-28,1681.88
2007-12-31,1689.14
2008-01-01,
2008-01-02,1703.32
2008-01-03,1701.6
2008-01-04,1703.76
2008-01-07,1705.23
2008-01-08,1703.21
2008-01-09,1703.6
2008-01-10,1692.02
2008-01-11,1699.77
2008-01-14,1701.68
2008-01-15,1708.95
2008-01-16,1707.26
2008-01-17,1711.08
2008-01-18,1709.29
2008-01-21,1710.13
2008-01-22,1718.81
2008-01-23,1723.23
2008-01-24,1704.4
2008-01-25,1711.9
2008-01-28,1712.94
2008-01-29,1707.17
2008-01-30,1699.39
2008-01-31,1709.1
2008-02-01,1714.48
2008-02-04,1710.53
2008-02-05,1717.21
2008-02-06,1714.58
2008-02-07,1701.94
2008-02-08,1708.87
2008-02-11,1711.2
2008-02-12,1703.88
2008-02-13,1702.66
2008-02-14,1690.52
2008-02-15,1693.68
2008-02-18,1694.52
2008-02-19,1685.05
2008-02-20,1681.25
2008-02-21,1693.92
2008-02-22,1691.66
2008-02-25,1681.47
2008-02-26,1684.72
2008-02-27,1685.9
2008-02-28,1695.52
2008-02-29,1710.33
2008-03-03,1708.95
2008-03-04,1701.27
2008-03-05,1687.64
2008-03-06,1686.81
2008-03-07,1689.92
2008-03-10,1695.62
2008-03-11,1677.48
2008-03-12,1688.45
2008-03-13,1680.07
2008-03-14,1688.86
2008-03-17,1693.62
2008-03-18,1683.7
2008-03-19,1692.87
2008-03-20,1694.44
2008-03-21,
2008-03-24,1678.79
2008-03-25,1682.32
2008-03-26,1683.76
2008-03-27,1679.65
2008-03-28,1684.54
2008-03-31,1687.63
2008-04-01,1676.89
2008-04-02,1676.29
2008-04-03,1677.35
2008-04-04,1690.68
2008-04-07,1687.69
2008-04-08,1688.71
2008-04-09,1697.78
2008-04-10,1691.22
2008-04-11,1696.71
2008-04-14,1694.41
2008-04-15,1689.09
2008-04-16,1677.84
2008-04-17,1676.25
2008-04-18,1679.93
2008-04-21,1686.15
2008-04-22,1687.65
2008-04-23,1688.52
2008-04-24,1680.09
2008-04-25,1677.83
2008-04-28,1684.82
2008-04-29,1687.66
2008-04-30,1697.29
2008-05-01,1700.15
2008-05-02,1695.74
2008-05-05,1697.43
2008-05-06,1693.03
2008-05-07,1696.84
2008-05-08,1703.5
2008-05-09,1707.3
2008-05-12,1707.1
2008-05-13,1693.88
2008-05-14,1690.97
2008-05-15,1700.13
2008-05-16,1700.76
2008-05-19,1703.14
2008-05-20,1708.05
2008-05-21,1703.29
2008-05-22,1691.71
2008-05-23,1699.37
2008-05-26,1700.23
2008-05-27,1689.94
2008-05-28,1683.2
2008-05-29,1677.03
2008-05-30,1681.81
2008-05-31,1681.84
2008-06-02,1689.33
2008-06-03,1696.75
2008-06-04,1691.04
2008-06-05,1685.25
2008-06-06,1694.83
2008-06-09,1689.1
2008-06-10,1676.58
2008-06-11,1678.93
2008-06-12,1666.86
2008-06-13,1662.57
2008-06-16,1664.37
2008-06-17,1667.2
2008-06-18,1673.7
2008-06-19,1667.57
2008-06-20,1671.89
2008-06-23,1667.98
2008-06-24,1672.59
2008-06-25,1671.88
2008-06-26,1674.65
2008-06-27,1677.34
2008-06-30,1675.39
2008-07-01,1671.81
2008-07-02,1675.67
2008-07-03,1674.01
2008-07-04,1674.3
2008-07-07,1679.66
2008-07-08,1681.57
2008-07-09,1684.48
2008-07-10,1684.83
2008-07-11,1668.56
2008-07-14,1675.24
2008-07-15,1673.1
2008-07-16,1660.83
2008-07-17,1651.7
2008-07-18,1648.42
2008-07-21,1651.08
2008-07-22,1647.89
2008-07-23,1645.29
2008-07-24,1657.71
2008-07-25,1649.07
2008-07-28,1657.99
2008-07-29,1655.88
2008-07-30,1654.92
2008-07-31,1660.96
2008-08-01,1664.52
2008-08-04,1663.54
2008-08-05,1660.83
2008-08-06,1656.58
2008-08-07,1669.12
2008-08-08,1668.14
2008-08-11,1663.01
2008-08-12,1669.97
2008-08-13,1666.39
2008-08-14,1670.87
2008-08-15,1674.63
2008-08-18,1678.0
2008-08-19,1674.09
2008-08-20,1676.56
2008-08-21,1671.24
2008-08-22,1668.02
2008-08-25,1675.43
2008-08-26,1674.53
2008-08-27,1676.25
2008-08-28,1674.15
2008-08-29,1672.33
2008-08-31,1672.62
2008-09-01,1672.91
2008-09-02,1679.63
2008-09-03,1683.09
2008-09-04,1686.82
2008-09-05,1684.48
2008-09-08,1684.89
2008-09-09,1689.44
2008-09-10,1681.65
2008-09-11,1674.71
2008-09-12,1660.31
2008-09-15,1648.92
2008-09-16,1619.83
2008-09-17,1612.41
2008-09-18,1599.72
2008-09-19,1593.4
2008-09-22,1595.78
2008-09-23,1588.61
2008-09-24,1590.45
2008-09-25,1571.96
2008-09-26,1554.0
2008-09-29,1571.47
2008-09-30,1549.89
2008-10-01,1552.06
2008-10-02,1542.14
2008-10-03,1541.13
2008-10-06,1548.59
2008-10-07,1536.08
2008-10-08,1510.3
2008-10-09,1494.85
2008-10-10,1460.78
2008-10-13,1461.65
2008-10-14,1470.88
2008-10-15,1469.96
2008-10-16,1460.39
2008-10-17,1447.46
2008-10-20,1447.62
2008-10-21,1457.38
2008-10-22,1462.43
2008-10-23,1467.19
2008-10-24,1451.66
2008-10-27,1445.69
2008-10-28,1439.78
2008-10-29,1436.39
2008-10-30,1434.98
2008-10-31,1435.49
2008-11-03,1442.79
2008-11-04,1456.55
2008-11-05,1466.79
2008-11-06,1468.07
2008-11-07,1464.88
2008-11-10,1473.53
2008-11-11,1473.82
2008-11-12,1481.14
2008-11-13,1472.97
2008-11-14,1478.87
2008-11-17,1480.36
2008-11-18,1485.09
2008-11-19,1489.19
2008-11-20,1493.17
2008-11-21,1479.67
2008-11-24,1469.46
2008-11-25,1482.47
2008-11-26,1486.54
2008-11-27,1486.83
2008-11-28,1490.58
2008-11-30,1491.16
2008-12-01,1507.2
2008-12-02,1504.23
2008-12-03,1504.21
2008-12-04,1510.56
2008-12-05,1502.8
2008-12-08,1500.45
2008-12-09,1508.16
2008-12-10,1507.56
2008-12-11,1512.78
2008-12-12,1515.98
2008-12-15,1520.71
2008-12-16,1533.71
2008-12-17,1550.25
2008-12-18,1564.8
2008-12-19,1564.83
2008-12-22,1564.09
2008-12-23,1564.36
2008-12-24,1566.31
2008-12-25,
2008-12-26,1571.99
2008-12-29,1575.5
2008-12-30,1582.29
2008-12-31,1573.98
2009-01-01,
2009-01-02,1561.71
2009-01-05,1561.42
2009-01-06,1571.17
2009-01-07,1580.12
2009-01-08,1588.51
2009-01-09,1594.88
2009-01-12,1604.57
2009-01-13,1604.49
2009-01-14,1608.51
2009-01-15,1607.07
2009-01-16,1607.75
2009-01-19,1608.63
2009-01-20,1602.57
2009-01-21,1585.48
2009-01-22,1580.56
2009-01-23,1577.81
2009-01-26,1578.42
2009-01-27,1592.96
2009-01-28,1586.24
2009-01-29,1577.77
2009-01-30,1579.19
2009-01-31,1579.22
2009-02-02,1590.46
2009-02-03,1579.94
2009-02-04,1576.92
2009-02-05,1581.29
2009-02-06,1579.06
2009-02-09,1580.74
2009-02-10,1598.36
2009-02-11,1606.19
2009-02-12,1606.46
2009-02-13,1589.69
2009-02-16,1590.58
2009-02-17,1604.64
2009-02-18,1593.75
2009-02-19,1580.48
2009-02-20,1580.18
2009-02-23,1579.07
2009-02-24,1570.79
2009-02-25,1559.77
2009-02-26,1556.23
2009-02-27,1553.74
2009-02-28,1554.62
2009-03-02,1559.52
2009-03-03,1550.34
2009-03-04,1539.32
2009-03-05,1548.19
2009-03-06,1541.81
2009-03-09,1532.11
2009-03-10,1521.77
2009-03-11,1525.73
2009-03-12,1528.49
2009-03-13,1529.28
2009-03-16,1525.87
2009-03-17,1522.57
2009-03-18,1552.8
2009-03-19,1548.01
2009-03-20,1546.02
2009-03-23,1544.38
2009-03-24,1547.4
2009-03-25,1538.1
2009-03-26,1544.33
2009-03-27,1545.75
2009-03-30,1548.93
2009-03-31,1551.4
2009-04-01,1554.89
2009-04-02,1550.41
2009-04-03,1539.61
2009-04-06,1540.75
2009-04-07,1546.25
2009-04-08,1554.85
2009-04-09,1553.45
2009-04-10,
2009-04-13,1564.66
2009-04-14,1573.43
2009-04-15,1580.34
2009-04-16,1580.01
2009-04-17,1578.9
2009-04-20,1591.02
2009-04-21,1587.15
2009-04-22,1583.63
2009-04-23,1589.05
2009-04-24,1587.26
2009-04-27,1595.74
2009-04-28,1592.01
2009-04-29,1592.85
2009-04-30,1599.25
2009-05-01,1601.94
2009-05-04,1607.16
2009-05-05,1613.41
2009-05-06,1619.51
2009-05-07,1618.34
2009-05-08,1626.6
2009-05-11,1637.33
2009-05-12,1640.09
2009-05-13,1645.54
2009-05-14,1644.72
2009-05-15,1644.75
2009-05-18,1639.49
2009-05-19,1642.33
2009-05-20,1653.13
2009-05-21,1644.88
2009-05-22,1640.4
2009-05-25,1641.28
2009-05-26,1642.51
2009-05-27,1636.02
2009-05-28,1644.8
2009-05-29,1668.28
2009-05-31,1668.57
2009-06-01,1654.34
2009-06-02,1669.99
2009-06-03,1682.87
2009-06-04,1671.95
2009-06-05,1661.93
2009-06-08,1664.11
2009-06-09,1669.37
2009-06-10,1667.95
2009-06-11,1678.86
2009-06-12,1686.72
2009-06-15,1695.69
2009-06-16,1700.66
2009-06-17,1702.15
2009-06-18,1687.96
2009-06-19,1696.17
2009-06-22,1705.64
2009-06-23,1710.18
2009-06-24,1705.82
2009-06-25,1716.64
2009-06-26,1719.36
2009-06-29,1719.74
2009-06-30,1719.22
2009-07-01,1719.17
2009-07-02,1725.17
2009-07-03,1725.47
2009-07-06,1725.45
2009-07-07,1730.23
2009-07-08,1745.17
2009-07-09,1732.97
2009-07-10,1744.15
2009-07-13,1741.9
2009-07-14,1734.16
2009-07-15,1725.19
2009-07-16,1733.09
2009-07-17,1730.72
2009-07-20,1741.73
2009-07-21,1755.71
2009-07-22,1749.38
2009-07-23,1738.37
2009-07-24,1745.49
2009-07-27,1745.15
2009-07-28,1750.89
2009-07-29,1758.36
2009-07-30,1768.95
2009-07-31,1787.09
2009-08-03,1778.36
2009-08-04,1779.68
2009-08-05,1776.34
2009-08-06,1784.01
2009-08-07,1776.69
2009-08-10,1788.76
2009-08-11,1794.03
2009-08-12,1790.08
2009-08-13,1801.85
2009-08-14,1804.37
2009-08-17,1807.67
2009-08-18,1803.08
2009-08-19,1809.05
2009-08-20,1811.65
2009-08-21,1800.86
2009-08-24,1810.39
2009-08-25,1816.71
2009-08-26,1819.42
2009-08-27,1818.43
2009-08-28,1821.42
2009-08-31,1825.74
2009-09-01,1827.01
2009-09-02,1835.43
2009-09-03,1832.29
2009-09-04,1822.69
2009-09-07,1823.58
2009-09-08,1823.07
2009-09-09,1823.76
2009-09-10,1841.38
2009-09-11,1844.12
2009-09-14,1840.07
2009-09-15,1839.27
2009-09-16,1840.57
2009-09-17,1849.51
2009-09-18,1844.04
2009-09-21,1844.55
2009-09-22,1850.1
2009-09-23,1853.87
2009-09-24,1857.23
2009-09-25,1861.95
2009-09-28,1865.81
2009-09-29,1865.22
2009-09-30,1862.31
2009-10-01,1871.05
2009-10-02,1866.02
2009-10-05,1867.39
2009-10-06,1867.48
2009-10-07,1875.88
2009-10-08,1867.83
2009-10-09,1854.82
2009-10-12,1855.72
2009-10-13,1865.25
2009-10-14,1855.64
2009-10-15,1852.21
2009-10-16,1859.07
2009-10-19,1863.34
2009-10-20,1871.64
2009-10-21,1865.69
2009-10-22,1866.17
2009-10-23,1862.77
2009-10-26,1857.5
2009-10-27,1869.35
2009-10-28,1874.29
2009-10-29,1864.46
2009-10-30,1877.49
2009-10-31,1877.52
2009-11-02,1874.72
2009-11-03,1869.12
2009-11-04,1862.25
2009-11-05,1866.2
2009-11-06,1870.64
2009-11-09,1872.95
2009-11-10,1873.55
2009-11-11,1873.85
2009-11-12,1877.98
2009-11-13,1880.54
2009-11-16,1892.14
2009-11-17,1893.76
2009-11-18,1889.48
2009-11-19,1892.15
2009-11-20,1891.1
2009-11-23,1891.61
2009-11-24,1896.33
2009-11-25,1899.25
2009-11-26,1899.54
2009-11-27,1904.01
2009-11-30,1904.09
2009-12-01,1897.36
2009-12-02,1895.36
2009-12-03,1892.52
2009-12-04,1883.45
2009-12-07,1890.07
2009-12-08,1896.94
2009-12-09,1895.09
2009-12-10,1890.45
2009-12-11,1889.14
2009-12-14,1892.74
2009-12-15,1888.71
2009-12-16,1890.94
2009-12-17,1904.8
2009-12-18,1900.82
2009-12-21,1889.8
2009-12-22,1886.23
2009-12-23,1886.71
2009-12-24,1881.64
2009-12-25,
2009-12-28,1879.92
2009-12-29,1885.24
2009-12-30,1890.06
2009-12-31,1885.0
2010-01-01,
2010-01-04,1888.62
2010-01-05,1901.41
2010-01-06,1898.35
2010-01-07,1898.99
2010-01-08,1903.22
2010-01-11,1904.37
2010-01-12,1915.34
2010-01-13,1908.25
2010-01-14,1914.97
2010-01-15,1919.63
2010-01-18,1920.53
2010-01-19,1916.16
2010-01-20,1921.49
2010-01-21,1925.87
2010-01-22,1924.59
2010-01-25,1919.19
2010-01-26,1918.72
2010-01-27,1917.41
2010-01-28,1915.88
2010-01-29,1922.56
2010-01-31,1922.86
2010-02-01,1916.06
2010-02-02,1919.43
2010-02-03,1912.94
2010-02-04,1920.32
2010-02-05,1924.32
2010-02-08,1919.16
2010-02-09,1912.97
2010-02-10,1905.85
2010-02-11,1902.67
2010-02-12,1906.1
2010-02-15,1907.0
2010-02-16,1909.64
2010-02-17,1901.8
2010-02-18,1899.17
2010-02-19,1903.25
2010-02-22,1904.26
2010-02-23,1916.37
2010-02-24,1916.23
2010-02-25,1922.34
2010-02-26,1928.87
2010-02-28,1930.07
2010-03-01,1926.96
2010-03-02,1929.65
2010-03-03,1928.88
2010-03-04,1931.8
2010-03-05,1925.54
2010-03-08,1925.81
2010-03-09,1927.98
2010-03-10,1927.28
2010-03-11,1928.78
2010-03-12,1931.42
2010-03-15,1933.12
2010-03-16,1940.19
2010-03-17,1942.75
2010-03-18,1941.17
2010-03-19,1940.83
2010-03-22,1944.39
2010-03-23,1943.13
2010-03-24,1928.59
2010-03-25,1923.86
2010-03-26,1929.44
2010-03-29,1930.51
2010-03-30,1931.02
2010-03-31,1936.76
2010-04-01,1935.17
2010-04-02,
2010-04-05,1922.58
2010-04-06,1925.76
2010-04-07,1938.27
2010-04-08,1935.76
2010-04-09,1937.75
2010-04-12,1944.31
2010-04-13,1949.23
2010-04-14,1946.39
2010-04-15,1949.35
2010-04-16,1957.51
2010-04-19,1953.41
2010-04-20,1955.55
2010-04-21,1963.38
2010-04-22,1958.94
2010-04-23,1954.46
2010-04-26,1954.7
2010-04-27,1967.12
2010-04-28,1957.23
2010-04-29,1963.51
2010-04-30,1970.81
2010-05-03,1966.14
2010-05-04,1974.08
2010-05-05,1975.55
2010-05-06,1982.8
2010-05-07,1964.37
2010-05-10,1961.37
2010-05-11,1959.63
2010-05-12,1958.4
2010-05-13,1961.81
2010-05-14,1972.84
2010-05-17,1969.85
2010-05-18,1978.79
2010-05-19,1973.21
2010-05-20,1973.43
2010-05-21,1976.75
2010-05-24,1972.1
2010-05-25,1969.91
2010-05-26,1963.84
2010-05-27,1952.38
2010-05-28,1958.95
2010-05-31,1959.55
2010-06-01,1958.74
2010-06-02,1952.55
2010-06-03,1950.71
2010-06-04,1968.99
2010-06-07,1968.49
2010-06-08,1967.32
2010-06-09,1964.44
2010-06-10,1949.46
2010-06-11,1961.13
2010-06-14,1956.96
2010-06-15,1954.22
2010-06-16,1959.15
2010-06-17,1970.58
2010-06-18,1968.42
2010-06-21,1970.54
2010-06-22,1978.67
2010-06-23,1983.69
2010-06-24,1980.81
2010-06-25,1982.87
2010-06-28,1991.88
2010-06-29,1997.34
2010-06-30,1999.87
2010-07-01,2002.22
2010-07-02,1996.44
2010-07-05,1997.34
2010-07-06,2004.82
2010-07-07,1999.64
2010-07-08,1997.68
2010-07-09,1995.73
2010-07-12,1998.76
2010-07-13,1995.44
2010-07-14,2005.01
2010-07-15,2014.09
2010-07-16,2019.19
2010-07-19,2016.57
2010-07-20,2020.14
2010-07-21,2027.74
2010-07-22,2024.18
2010-07-23,2019.09
2010-07-26,2022.91
2010-07-27,2021.13
2010-07-28,2027.38
2010-07-29,2029.57
2010-07-30,2040.77
2010-07-31,2040.8
2010-08-02,2034.63
2010-08-03,2041.83
2010-08-04,2038.66
2010-08-05,2042.02
2010-08-06,2051.17
2010-08-09,2051.11
2010-08-10,2051.92
2010-08-11,2060.0
2010-08-12,2056.01
2010-08-13,2062.34
2010-08-16,2076.68
2010-08-17,2070.23
2010-08-18,2073.67
2010-08-19,2081.26
2010-08-20,2077.39
2010-08-23,2078.53
2010-08-24,2088.97
2010-08-25,2083.25
2010-08-26,2087.35
2010-08-27,2068.53
2010-08-30,2080.46
2010-08-31,2085.47
2010-09-01,2073.68
2010-09-02,2069.21
2010-09-03,2064.32
2010-09-06,2065.22
2010-09-07,2078.33
2010-09-08,2073.2
2010-09-09,2060.45
2010-09-10,2059.1
2010-09-13,2068.41
2010-09-14,2077.14
2010-09-15,2069.96
2010-09-16,2066.25
2010-09-17,2068.56
2010-09-20,2074.1
2010-09-21,2086.52
2010-09-22,2090.24
2010-09-23,2089.78
2010-09-24,2084.02
2010-09-27,2095.71
2010-09-28,2102.07
2010-09-29,2097.13
2010-09-30,2097.78
2010-10-01,2097.01
2010-10-04,2101.34
2010-10-05,2103.29
2010-10-06,2112.99
2010-10-07,2112.63
2010-10-08,2113.41
2010-10-11,2114.32
2010-10-12,2109.9
2010-10-13,2109.67
2010-10-14,2100.17
2010-10-15,2091.16
2010-10-18,2101.12
2010-10-19,2104.17
2010-10-20,2104.74
2010-10-21,2100.04
2010-10-22,2099.93
2010-10-25,2104.27
2010-10-26,2094.97
2010-10-27,2089.77
2010-10-28,2094.48
2010-10-29,2101.88
2010-10-31,2102.19
2010-11-01,2101.0
2010-11-02,2108.62
2010-11-03,2102.04
2010-11-04,2115.95
2010-11-05,2109.51
2010-11-08,2108.79
2010-11-09,2096.55
2010-11-10,2098.91
2010-11-11,2099.21
2010-11-12,2087.58
2010-11-15,2070.71
2010-11-16,2078.93
2010-11-17,2076.76
2010-11-18,2075.45
2010-11-19,2078.07
2010-11-22,2085.7
2010-11-23,2088.77
2010-11-24,2071.99
2010-11-25,2072.29
2010-11-26,2080.26
2010-11-29,2082.74
2010-11-30,2084.21
2010-12-01,2066.83
2010-12-02,2064.47
2010-12-03,2064.4
2010-12-06,2075.42
2010-12-07,2053.98
2010-12-08,2048.51
2010-12-09,2052.17
2010-12-10,2048.07
2010-12-13,2053.07
2010-12-14,2035.52
2010-12-15,2030.61
2010-12-16,2034.82
2010-12-17,2053.19
2010-12-20,2050.71
2010-12-21,2053.78
2010-12-22,2051.85
2010-12-23,2047.48
2010-12-24,2047.78
2010-12-27,2053.71
2010-12-28,2040.44
2010-12-29,2057.42
2010-12-30,2055.09
2010-12-31,2064.45
2011-01-03,2062.6
2011-01-04,2062.7
2011-01-05,2049.0
2011-01-06,2056.02
2011-01-07,2064.58
2011-01-10,2066.66
2011-01-11,2065.33
2011-01-12,2064.12
2011-01-13,2070.29
2011-01-14,2066.7
2011-01-17,2067.61
2011-01-18,2065.02
2011-01-19,2069.53
2011-01-20,2056.99
2011-01-21,2063.08
2011-01-24,2065.82
2011-01-25,2075.47
2011-01-26,2063.97
2011-01-27,2069.78
2011-01-28,2074.45
2011-01-31,2069.34
2011-02-01,2064.4
2011-02-02,2060.48
2011-02-03,2056.49
2011-02-04,2048.01
2011-02-07,2052.14
2011-02-08,2045.23
2011-02-09,2054.38
2011-02-10,2046.73
2011-02-11,2053.1
2011-02-14,2057.79
2011-02-15,2058.76
2011-02-16,2058.39
2011-02-17,2063.92
2011-02-18,2062.52
2011-02-21,2063.42
2011-02-22,2075.97
2011-02-23,2072.57
2011-02-24,2076.71
2011-02-25,2079.17
2011-02-28,2084.0
2011-03-01,2084.91
2011-03-02,2078.68
2011-03-03,2068.11
2011-03-04,2077.56
2011-03-07,2077.51
2011-03-08,2072.96
2011-03-09,2081.04
2011-03-10,2088.35
2011-03-11,2088.21
2011-03-14,2093.45
2011-03-15,2092.01
2011-03-16,2102.48
2011-03-17,2097.78
2011-03-18,2097.03
2011-03-21,2094.03
2011-03-22,2094.38
2011-03-23,2092.9
2011-03-24,2088.75
2011-03-25,2084.43
2011-03-28,2085.31
2011-03-29,2079.87
2011-03-30,2083.63
2011-03-31,2084.57
2011-04-01,2085.65
2011-04-04,2089.43
2011-04-05,2085.27
2011-04-06,2080.65
2011-04-07,2080.79
2011-04-08,2080.23
2011-04-11,2081.64
2011-04-12,2089.17
2011-04-13,2093.44
2011-04-14,2091.65
2011-04-15,2101.05
2011-04-18,2104.77
2011-04-19,2106.98
2011-04-20,2103.44
2011-04-21,2102.9
2011-04-22,
2011-04-25,2107.88
2011-04-26,2114.87
2011-04-27,2109.36
2011-04-28,2116.36
2011-04-29,2119.67
2011-04-30,2119.97
2011-05-02,2121.88
2011-05-03,2126.23
2011-05-04,2129.58
2011-05-05,2135.28
2011-05-06,2135.89
2011-05-09,2137.59
2011-05-10,2132.26
2011-05-11,2137.05
2011-05-12,2131.13
2011-05-13,2135.88
2011-05-16,2141.14
2011-05-17,2144.66
2011-05-18,2138.03
2011-05-19,2138.67
2011-05-20,2140.49
2011-05-23,2142.51
2011-05-24,2143.34
2011-05-25,2140.63
2011-05-26,2148.65
2011-05-27,2147.68
2011-05-30,2148.56
2011-05-31,2150.32
2011-06-01,2158.68
2011-06-02,2147.45
2011-06-03,2150.57
2011-06-06,2148.97
2011-06-07,2149.04
2011-06-08,2154.48
2011-06-09,2149.12
2011-06-10,2152.44
2011-06-13,2149.44
2011-06-14,2137.87
2011-06-15,2151.27
2011-06-16,2155.07
2011-06-17,2150.7
2011-06-20,2149.81
2011-06-21,2148.61
2011-06-22,2147.85
2011-06-23,2155.22
2011-06-24,2156.62
2011-06-27,2146.18
2011-06-28,2135.38
2011-06-29,2132.46
2011-06-30,2132.41
2011-07-01,2130.81
2011-07-04,2131.71
2011-07-05,2138.53
2011-07-06,2143.02
2011-07-07,2139.32
2011-07-08,2154.59
2011-07-11,2163.06
2011-07-12,2163.08
2011-07-13,2165.51
2011-07-14,2158.92
2011-07-15,2160.39
2011-07-18,2157.57
2011-07-19,2162.54
2011-07-20,2157.86
2011-07-21,2151.52
2011-07-22,2158.81
2011-07-25,2153.83
2011-07-26,2161.1
2011-07-27,2159.54
2011-07-28,2164.13
2011-07-29,2181.04
2011-07-31,2181.34
2011-08-01,2188.84
2011-08-02,2203.53
2011-08-03,2205.1
2011-08-04,2217.12
2011-08-05,2200.58
2011-08-08,2202.4
2011-08-09,2212.19
2011-08-10,2210.41
2011-08-11,2176.97
2011-08-12,2191.22
2011-08-15,2184.49
2011-08-16,2194.47
2011-08-17,2201.18
2011-08-18,2205.77
2011-08-19,2204.82
2011-08-22,2201.69
2011-08-23,2186.56
2011-08-24,2167.6
2011-08-25,2174.77
2011-08-26,2178.47
2011-08-29,2170.1
2011-08-30,2184.18
2011-08-31,2183.58
2011-09-01,2194.38
2011-09-02,2208.8
2011-09-05,2209.71
2011-09-06,2206.9
2011-09-07,2199.59
2011-09-08,2204.87
2011-09-09,2208.37
2011-09-12,2200.33
2011-09-13,2190.91
2011-09-14,2190.49
2011-09-15,2183.44
2011-09-16,2185.84
2011-09-19,2198.89
2011-09-20,2197.1
2011-09-21,2205.9
2011-09-22,2209.18
2011-09-23,2191.44
2011-09-26,2178.86
2011-09-27,2169.17
2011-09-28,2170.57
2011-09-29,2177.49
2011-09-30,2180.66
2011-10-03,2191.44
2011-10-04,2178.07
2011-10-05,2164.61
2011-10-06,2160.83
2011-10-07,2157.44
2011-10-10,2158.35
2011-10-11,2154.85
2011-10-12,2154.86
2011-10-13,2165.35
2011-10-14,2163.02
2011-10-17,2174.14
2011-10-18,2176.0
2011-10-19,2183.37
2011-10-20,2182.54
2011-10-21,2184.59
2011-10-24,2186.58
2011-10-25,2205.12
2011-10-26,2197.5
2011-10-27,2190.35
2011-10-28,2205.21
2011-10-31,2218.92
2011-11-01,2229.78
2011-11-02,2230.36
2011-11-03,2223.57
2011-11-04,2226.1
2011-11-07,2230.97
2011-11-08,2220.03
2011-11-09,2223.59
2011-11-10,2211.81
2011-11-11,2212.11
2011-11-14,2211.47
2011-11-15,2206.07
2011-11-16,2207.35
2011-11-17,2209.16
2011-11-18,2201.82
2011-11-21,2200.69
2011-11-22,2196.8
2011-11-23,2201.44
2011-11-24,2201.74
2011-11-25,2190.0
2011-11-28,2191.58
2011-11-29,2184.65
2011-11-30,2177.51
2011-12-01,2174.01
2011-12-02,2190.57
2011-12-05,2195.5
2011-12-06,2190.67
2011-12-07,2200.09
2011-12-08,2203.23
2011-12-09,2192.21
2011-12-12,2196.14
2011-12-13,2202.03
2011-12-14,2208.31
2011-12-15,2205.86
2011-12-16,2214.15
2011-12-19,2219.1
2011-12-20,2206.27
2011-12-21,2200.29
2011-12-22,2203.56
2011-12-23,2193.08
2011-12-26,
2011-12-27,2197.34
2011-12-28,2213.46
2011-12-29,2214.83
2011-12-30,2219.42
2011-12-31,2219.45
2012-01-02,
2012-01-03,2213.17
2012-01-04,2211.03
2012-01-05,2211.84
2012-01-06,2217.88
2012-01-09,2219.69
2012-01-10,2221.22
2012-01-11,2228.55
2012-01-12,2227.56
2012-01-13,2235.9
2012-01-16,2236.81
2012-01-17,2239.56
2012-01-18,2235.41
2012-01-19,2230.93
2012-01-20,2226.88
2012-01-23,2225.99
2012-01-24,2228.2
2012-01-25,2235.53
2012-01-26,2248.83
2012-01-27,2254.6
2012-01-30,2261.82
2012-01-31,2267.9
2012-02-01,2264.21
2012-02-02,2268.96
2012-02-03,2259.31
2012-02-06,2268.81
2012-02-07,2263.72
2012-02-08,2266.12
2012-02-09,2262.2
2012-02-10,2269.95
2012-02-13,2266.43
2012-02-14,2275.15
2012-02-15,2273.1
2012-02-16,2263.92
2012-02-17,2265.1
2012-02-20,2266.01
2012-02-21,2263.61
2012-02-22,2270.67
2012-02-23,2274.07
2012-02-24,2277.74
2012-02-27,2286.0
2012-02-28,2287.98
2012-02-29,2287.15
2012-03-01,2282.53
2012-03-02,2290.84
2012-03-05,2287.93
2012-03-06,2290.06
2012-03-07,2286.59
2012-03-08,2282.4
2012-03-09,2280.78
2012-03-12,2283.29
2012-03-13,2275.01
2012-03-14,2258.5
2012-03-15,2260.57
2012-03-16,2261.82
2012-03-19,2254.49
2012-03-20,2256.04
2012-03-21,2266.24
2012-03-22,2267.46
2012-03-23,2271.79
2012-03-26,2271.92
2012-03-27,2278.43
2012-03-28,2277.45
2012-03-29,2280.84
2012-03-30,2273.61
2012-03-31,2273.65
2012-04-02,2276.12
2012-04-03,2266.27
2012-04-04,2269.5
2012-04-05,2274.71
2012-04-06,
2012-04-09,2287.68
2012-04-10,2290.93
2012-04-11,2284.94
2012-04-12,2283.91
2012-04-13,2291.05
2012-04-16,2294.59
2012-04-17,2291.35
2012-04-18,2294.16
2012-04-19,2297.17
2012-04-20,2294.89
2012-04-23,2298.78
2012-04-24,2295.36
2012-04-25,2293.66
2012-04-26,2296.62
2012-04-27,2300.38
2012-04-30,2302.66
2012-05-01,2299.1
2012-05-02,2305.38
2012-05-03,2307.16
2012-05-04,2312.24
2012-05-07,2312.24
2012-05-08,2316.42
2012-05-09,2313.49
2012-05-10,2311.66
2012-05-11,2315.76
2012-05-14,2317.38
2012-05-15,2315.89
2012-05-16,2312.64
2012-05-17,2313.64
2012-05-18,2306.42
2012-05-21,2302.51
2012-05-22,2295.23
2012-05-23,2302.67
2012-05-24,2297.16
2012-05-25,2299.18
2012-05-28,2300.09
2012-05-29,2301.91
2012-05-30,2311.76
2012-05-31,2315.99
2012-06-01,2324.17
2012-06-04,2316.91
2012-06-05,2312.66
2012-06-06,2305.17
2012-06-07,2308.21
2012-06-08,2309.89
2012-06-11,2316.56
2012-06-12,2307.72
2012-06-13,2315.6
2012-06-14,2315.45
2012-06-15,2320.68
2012-06-18,2322.32
2012-06-19,2320.59
2012-06-20,2321.51
2012-06-21,2327.85
2012-06-22,2321.8
2012-06-25,2330.64
2012-06-26,2327.82
2012-06-27,2329.12
2012-06-28,2333.73
2012-06-29,2327.24
2012-06-30,2327.55
2012-07-02,2341.0
2012-07-03,2336.17
2012-07-04,2336.47
2012-07-05,2341.37
2012-07-06,2348.66
2012-07-09,2353.86
2012-07-10,2357.93
2012-07-11,2359.93
2012-07-12,2363.82
2012-07-13,2364.44
2012-07-16,2372.26
2012-07-17,2370.89
2012-07-18,2378.66
2012-07-19,2378.61
2012-07-20,2385.46
2012-07-23,2386.88
2012-07-24,2391.27
2012-07-25,2391.31
2012-07-26,2390.38
2012-07-27,2379.37
2012-07-30,2390.1
2012-07-31,2392.89
2012-08-01,2388.22
2012-08-02,2395.97
2012-08-03,2384.41
2012-08-06,2390.47
2012-08-07,2382.06
2012-08-08,2380.79
2012-08-09,2380.0
2012-08-10,2385.5
2012-08-13,2384.12
2012-08-14,2375.13
2012-08-15,2364.27
2012-08-16,2360.81
2012-08-17,2364.53
2012-08-20,2366.61
2012-08-21,2369.37
2012-08-22,2381.19
2012-08-23,2387.37
2012-08-24,2385.47
2012-08-27,2390.67
2012-08-28,2392.75
2012-08-29,2389.95
2012-08-30,2394.07
2012-08-31,2402.45
2012-09-03,2403.35
2012-09-04,2401.42
2012-09-05,2400.08
2012-09-06,2391.01
2012-09-07,2394.3
2012-09-10,2393.99
2012-09-11,2394.97
2012-09-12,2389.08
2012-09-13,2390.44
2012-09-14,2385.24
2012-09-17,2393.11
2012-09-18,2397.46
2012-09-19,2402.18
2012-09-20,2403.08
2012-09-21,2405.31
2012-09-24,2411.07
2012-09-25,2414.69
2012-09-26,2421.12
2012-09-27,2418.03
2012-09-28,2419.6
2012-09-30,2420.2
2012-10-01,2424.1
2012-10-02,2427.68
2012-10-03,2427.94
2012-10-04,2425.03
2012-10-05,2418.95
2012-10-08,2419.85
2012-10-09,2424.24
2012-10-10,2429.63
2012-10-11,2435.2
2012-10-12,2440.16
2012-10-15,2443.21
2012-10-16,2440.01
2012-10-17,2434.87
2012-10-18,2435.64
2012-10-19,2443.12
2012-10-22,2440.11
2012-10-23,2441.19
2012-10-24,2440.02
2012-10-25,2433.7
2012-10-26,2441.87
2012-10-29,2447.74
2012-10-30,
2012-10-31,2452.05
2012-11-01,2447.23
2012-11-02,2445.34
2012-11-05,2451.0
2012-11-06,2442.93
2012-11-07,2452.28
2012-11-08,2456.66
2012-11-09,2455.47
2012-11-12,2456.37
2012-11-13,2454.95
2012-11-14,2453.73
2012-11-15,2451.05
2012-11-16,2451.15
2012-11-19,2447.52
2012-11-20,2441.71
2012-11-21,2438.76
2012-11-22,2439.06
2012-11-23,2438.75
2012-11-26,2443.88
2012-11-27,2446.8
2012-11-28,2449.1
2012-11-29,2448.58
2012-11-30,2450.04
2012-12-03,2448.84
2012-12-04,2452.37
2012-12-05,2454.0
2012-12-06,2456.01
2012-12-07,2450.21
2012-12-10,2452.88
2012-12-11,2449.2
2012-12-12,2443.33
2012-12-13,2441.38
2012-12-14,2445.62
2012-12-17,2439.11
2012-12-18,2431.2
2012-12-19,2438.16
2012-12-20,2439.14
2012-12-21,2446.62
2012-12-24,2444.1
2012-12-25,
2012-12-26,2445.73
2012-12-27,2453.41
2012-12-28,2454.31
2012-12-31,2449.56
2013-01-01,
2013-01-02,2442.11
2013-01-03,2437.24
2013-01-04,2438.35
2013-01-07,2442.18
2013-01-08,2446.51
2013-01-09,2449.27
2013-01-10,2445.49
2013-01-11,2448.68
2013-01-14,2449.82
2013-01-15,2451.88
2013-01-16,2451.47
2013-01-17,2445.0
2013-01-18,2449.68
2013-01-21,2450.56
2013-01-22,2451.92
2013-01-23,2451.59
2013-01-24,2450.49
2013-01-25,2438.24
2013-01-28,2435.92
2013-01-29,2434.04
2013-01-30,2430.59
2013-01-31,2431.99
2013-02-01,2428.75
2013-02-04,2432.72
2013-02-05,2427.32
2013-02-06,2432.81
2013-02-07,2435.22
2013-02-08,2434.82
2013-02-11,2436.95
2013-02-12,2432.14
2013-02-13,2428.27
2013-02-14,2434.95
2013-02-15,2433.59
2013-02-18,2434.47
2013-02-19,2430.66
2013-02-20,2431.41
2013-02-21,2436.99
2013-02-22,2438.93
2013-02-25,2449.18
2013-02-26,2449.38
2013-02-27,2446.24
2013-02-28,2449.18
2013-03-01,2452.96
2013-03-04,2450.28
2013-03-05,2449.22
2013-03-06,2444.03
2013-03-07,2437.66
2013-03-08,2431.28
2013-03-11,2432.37
2013-03-12,2437.58
2013-03-13,2437.7
2013-03-14,2435.61
2013-03-15,2440.21
2013-03-18,2445.05
2013-03-19,2451.29
2013-03-20,2446.09
2013-03-21,2446.64
2013-03-22,2447.91
2013-03-25,2448.29
2013-03-26,2448.18
2013-03-27,2452.84
2013-03-28,2450.21
2013-03-29,
2013-03-31,2450.8
2013-04-01,2453.94
2013-04-02,2451.58
2013-04-03,2458.6
2013-04-04,2468.2
2013-04-05,2481.13
2013-04-08,2477.76
2013-04-09,2476.71
2013-04-10,2469.3
2013-04-11,2471.83
2013-04-12,2481.68
2013-04-15,2484.95
2013-04-16,2482.41
2013-04-17,2483.63
2013-04-18,2485.81
2013-04-19,2483.63
2013-04-22,2485.63
2013-04-23,2486.48
2013-04-24,2487.46
2013-04-25,2486.1
2013-04-26,2493.28
2013-04-29,2492.49
2013-04-30,2492.46
2013-05-01,2498.94
2013-05-02,2501.05
2013-05-03,2486.24
2013-05-06,2484.12
2013-05-07,2483.71
2013-05-08,2487.06
2013-05-09,2485.43
2013-05-10,2473.05
2013-05-13,2469.86
2013-05-14,2466.44
2013-05-15,2468.05
2013-05-16,2479.01
2013-05-17,2467.9
2013-05-20,2467.3
2013-05-21,2470.15
2013-05-22,2461.01
2013-05-23,2461.0
2013-05-24,2463.05
2013-05-27,2463.94
2013-05-28,2447.56
2013-05-29,2444.65
2013-05-30,2442.77
2013-05-31,2435.61
2013-06-03,2437.28
2013-06-04,2432.61
2013-06-05,2431.03
2013-06-06,2432.56
2013-06-07,2421.04
2013-06-10,2413.92
2013-06-11,2410.61
2013-06-12,2405.51
2013-06-13,2412.21
2013-06-14,2422.27
2013-06-17,2417.28
2013-06-18,2414.91
2013-06-19,2398.48
2013-06-20,2372.13
2013-06-21,2359.95
2013-06-24,2348.22
2013-06-25,2344.1
2013-06-26,2353.21
2013-06-27,2363.04
2013-06-28,2367.81
2013-06-30,2368.39
2013-07-01,2369.99
2013-07-02,2375.11
2013-07-03,2370.54
2013-07-04,2370.83
2013-07-05,2345.01
2013-07-08,2355.49
2013-07-09,2359.55
2013-07-10,2356.08
2013-07-11,2371.18
2013-07-12,2369.26
2013-07-15,2377.03
2013-07-16,2382.55
2013-07-17,2388.91
2013-07-18,2385.69
2013-07-19,2394.22
2013-07-22,2397.82
2013-07-23,2395.64
2013-07-24,2386.44
2013-07-25,2383.78
2013-07-26,2390.55
2013-07-29,2386.46
2013-07-30,2385.02
2013-07-31,2385.89
2013-08-01,2370.81
2013-08-02,2385.08
2013-08-05,2380.61
2013-08-06,2380.51
2013-08-07,2384.96
2013-08-08,2387.72
2013-08-09,2387.89
2013-08-12,2384.37
2013-08-13,2371.09
2013-08-14,2371.36
2013-08-15,2363.59
2013-08-16,2354.77
2013-08-19,2347.54
2013-08-20,2354.5
2013-08-21,2348.22
2013-08-22,2343.89
2013-08-23,2355.26
2013-08-26,2359.24
2013-08-27,2369.55
2013-08-28,2361.92
2013-08-29,2367.56
2013-08-30,
2013-09-02,2370.52
2013-09-03,2357.62
2013-09-04,2352.38
2013-09-05,2339.52
2013-09-06,2344.18
2013-09-09,2350.45
2013-09-10,2343.06
2013-09-11,2348.67
2013-09-12,2351.27
2013-09-13,2351.77
2013-09-16,2355.38
2013-09-17,2359.16
2013-09-18,2375.88
2013-09-19,2374.81
2013-09-20,2379.0
2013-09-23,2381.63
2013-09-24,2390.46
2013-09-25,2394.71
2013-09-26,2390.16
2013-09-27,2391.63
2013-09-30,2389.46
2013-10-01,2386.32
2013-10-02,2390.41
2013-10-03,2393.17
2013-10-04,2389.22
2013-10-07,2393.1
2013-10-08,2393.02
2013-10-09,2391.21
2013-10-10,2390.57
2013-10-11,2393.63
2013-10-14,2394.51
2013-10-15,2391.21
2013-10-16,2400.01
2013-10-17,2412.11
2013-10-18,2414.63
2013-10-21,2412.87
2013-10-22,2424.72
2013-10-23,2427.93
2013-10-24,2423.53
2013-10-25,2426.38
2013-10-28,2426.24
2013-10-29,2426.51
2013-10-30,2425.51
2013-10-31,2425.22
2013-11-01,2416.27
2013-11-04,2417.85
2013-11-05,2409.84
2013-11-06,2411.33
2013-11-07,2416.28
2013-11-08,2398.98
2013-11-11,2399.86
2013-11-12,2396.22
2013-11-13,2401.66
2013-11-14,2408.68
2013-11-15,2409.18
2013-11-18,2417.49
2013-11-19,2412.92
2013-11-20,2403.78
2013-11-21,2406.12
2013-11-22,2411.79
2013-11-25,2414.18
2013-11-26,2421.2
2013-11-27,2417.49
2013-11-28,2417.78
2013-11-29,2417.95
2013-11-30,2418.24
2013-12-02,2410.83
2013-12-03,2414.38
2013-12-04,2405.65
2013-12-05,2404.04
2013-12-06,2403.41
2013-12-09,2407.93
2013-12-10,2418.07
2013-12-11,2412.96
2013-12-12,2410.02
2013-12-13,2413.1
2013-12-16,2413.39
2013-12-17,2419.08
2013-12-18,2416.04
2013-12-19,2415.14
2013-12-20,2422.56
2013-12-23,2419.6
2013-12-24,2412.61
2013-12-25,
2013-12-26,2411.42
2013-12-27,2410.45
2013-12-30,2417.35
2013-12-31,2413.9
2014-01-01,
2014-01-02,2418.39
2014-01-03,2417.9
2014-01-06,2424.62
2014-01-07,2427.95
2014-01-08,2420.67
2014-01-09,2424.99
2014-01-10,2438.68
2014-01-13,2443.8
2014-01-14,2438.35
2014-01-15,2436.92
2014-01-16,2442.18
2014-01-17,2444.49
2014-01-20,2445.37
2014-01-21,2446.59
2014-01-22,2441.45
2014-01-23,2451.3
2014-01-24,2450.98
2014-01-27,2446.92
2014-01-28,2450.04
2014-01-29,2457.41
2014-01-30,2454.92
2014-01-31,2456.97
2014-02-03,2467.77
2014-02-04,2462.18
2014-02-05,2456.48
2014-02-06,2454.74
2014-02-07,2459.77
2014-02-10,2461.11
2014-02-11,2458.26
2014-02-12,2453.5
2014-02-13,2462.05
2014-02-14,2461.75
2014-02-17,2462.63
2014-02-18,2467.81
2014-02-19,2464.68
2014-02-20,2461.81
2014-02-21,2465.83
2014-02-24,2465.32
2014-02-25,2473.46
2014-02-26,2477.72
2014-02-27,2483.16
2014-02-28,2483.93
2014-03-03,2489.29
2014-03-04,2479.33
2014-03-05,2478.75
2014-03-06,2473.18
2014-03-07,2465.79
2014-03-10,2466.16
2014-03-11,2468.78
2014-03-12,2472.54
2014-03-13,2481.45
2014-03-14,2480.61
2014-03-17,2475.25
2014-03-18,2478.22
2014-03-19,2468.29
2014-03-20,2468.46
2014-03-21,2474.08
2014-03-24,2477.89
2014-03-25,2479.04
2014-03-26,2485.25
2014-03-27,2490.1
2014-03-28,2485.87
2014-03-31,2485.7
2014-04-01,2482.98
2014-04-02,2477.64
2014-04-03,2480.95
2014-04-04,2490.85
2014-04-07,2496.59
2014-04-08,2499.16
2014-04-09,2499.09
2014-04-10,2508.89
2014-04-11,2511.05
2014-04-14,2509.14
2014-04-15,2510.88
2014-04-16,2510.22
2014-04-17,2501.38
2014-04-18,
2014-04-21,2501.83
2014-04-22,2503.28
2014-04-23,2509.09
2014-04-24,2509.65
2014-04-25,2512.41
2014-04-28,2510.56
2014-04-29,2507.93
2014-04-30,2514.68
2014-05-01,2522.3
2014-05-02,2525.71
2014-05-05,2522.6
2014-05-06,2526.25
2014-05-07,2526.61
2014-05-08,2528.86
2014-05-09,2524.93
2014-05-12,2520.37
2014-05-13,2527.3
2014-05-14,2538.7
2014-05-15,2543.73
2014-05-16,2541.54
2014-05-19,2539.82
2014-05-20,2542.63
2014-05-21,2537.62
2014-05-22,2535.02
2014-05-23,2539.43
2014-05-26,2540.32
2014-05-27,2543.98
2014-05-28,2555.96
2014-05-29,2554.77
2014-05-30,2553.09
2014-05-31,2553.13
2014-06-02,2542.78
2014-06-03,2534.78
2014-06-04,2533.41
2014-06-05,2536.57
2014-06-06,2537.03
2014-06-09,2536.29
2014-06-10,2534.03
2014-06-11,2533.72
2014-06-12,2541.6
2014-06-13,2539.26
2014-06-16,2540.86
2014-06-17,2533.12
2014-06-18,2538.27
2014-06-19,2537.74
2014-06-20,2538.61
2014-06-23,2540.64
2014-06-24,2547.06
2014-06-25,2551.03
2014-06-26,2556.21
2014-06-27,2554.34
2014-06-30,2557.41
2014-07-01,2549.71
2014-07-02,2540.08
2014-07-03,2537.41
2014-07-04,2537.71
2014-07-07,2543.39
2014-07-08,2551.58
2014-07-09,2554.44
2014-07-10,2554.98
2014-07-11,2557.45
2014-07-14,2554.01
2014-07-15,2553.75
2014-07-16,2555.28
2014-07-17,2563.16
2014-07-18,2561.33
2014-07-21,2563.38
2014-07-22,2565.8
2014-07-23,2566.18
2014-07-24,2560.01
2014-07-25,2566.58
2014-07-28,2563.83
2014-07-29,2568.65
2014-07-30,2555.63
2014-07-31,2554.4
2014-08-01,2557.89
2014-08-04,2559.66
2014-08-05,2560.45
2014-08-06,2559.9
2014-08-07,2566.52
2014-08-08,2566.29
2014-08-11,2566.54
2014-08-12,2563.3
2014-08-13,2568.17
2014-08-14,2574.18
2014-08-15,2582.37
2014-08-18,2575.6
2014-08-19,2573.14
2014-08-20,2570.8
2014-08-21,2574.94
2014-08-22,2577.41
2014-08-25,2580.53
2014-08-26,2580.95
2014-08-27,2586.87
2014-08-28,2591.8
2014-08-29,2590.55
2014-08-31,2590.85
2014-09-01,2591.15
2014-09-02,2578.94
2014-09-03,2581.03
2014-09-04,2574.6
2014-09-05,2571.94
2014-09-08,2572.19
2014-09-09,2567.86
2014-09-10,2561.2
2014-09-11,2562.27
2014-09-12,2549.42
2014-09-15,2551.87
2014-09-16,2551.04
2014-09-17,2548.79
2014-09-18,2547.34
2014-09-19,2554.76
2014-09-22,2558.29
2014-09-23,2562.64
2014-09-24,2556.9
2014-09-25,2564.55
2014-09-26,2559.65
2014-09-29,2562.69
2014-09-30,2558.64
2014-10-01,2573.09
2014-10-02,2567.87
2014-10-03,2569.47
2014-10-06,2574.62
2014-10-07,2585.54
2014-10-08,2586.89
2014-10-09,2587.66
2014-10-10,2589.13
2014-10-13,2590.01
2014-10-14,2602.75
2014-10-15,2611.5
2014-10-16,2601.21
2014-10-17,2597.47
2014-10-20,2600.68
2014-10-21,2598.8
2014-10-22,2596.08
2014-10-23,2588.76
2014-10-24,2588.59
2014-10-27,2591.66
2014-10-28,2587.88
2014-10-29,2585.72
2014-10-30,2586.11
2014-10-31,2582.52
2014-11-03,2580.97
2014-11-04,2580.68
2014-11-05,2579.27
2014-11-06,2574.41
2014-11-07,2581.98
2014-11-10,2576.04
2014-11-11,2576.34
2014-11-12,2576.04
2014-11-13,2577.27
2014-11-14,2578.55
2014-11-17,2574.17
2014-11-18,2574.71
2014-11-19,2569.48
2014-11-20,2571.93
2014-11-21,2578.43
2014-11-24,2580.52
2014-11-25,2589.11
2014-11-26,2593.58
2014-11-27,2593.87
2014-11-28,2598.33
2014-11-30,2598.92
2014-12-01,2592.1
2014-12-02,2581.38
2014-12-03,2580.73
2014-12-04,2585.2
2014-12-05,2578.59
2014-12-08,2584.68
2014-12-09,2586.28
2014-12-10,2591.12
2014-12-11,2588.37
2014-12-12,2595.8
2014-12-15,2590.13
2014-12-16,2590.92
2014-12-17,2581.67
2014-12-18,2579.51
2014-12-19,2585.62
2014-12-22,2590.79
2014-12-23,2577.76
2014-12-24,2579.18
2014-12-25,
2014-12-26,2581.51
2014-12-29,2589.27
2014-12-30,2592.66
2014-12-31,2595.28
2015-01-01,
2015-01-02,2603.26
2015-01-05,2612.93
2015-01-06,2622.87
2015-01-07,2624.77
2015-01-08,2617.0
2015-01-09,2623.94
2015-01-12,2632.93
2015-01-13,2634.18
2015-01-14,2637.98
2015-01-15,2645.83
2015-01-16,
2015-01-19,2638.32
2015-01-20,2641.77
2015-01-21,2635.22
2015-01-22,2631.65
2015-01-23,2645.08
2015-01-26,2644.92
2015-01-27,2645.48
2015-01-28,2661.3
2015-01-29,2655.99
2015-01-30,2666.36
2015-01-31,2666.4
2015-02-02,2667.52
2015-02-03,2651.78
2015-02-04,2651.5
2015-02-05,2649.51
2015-02-06,2633.87
2015-02-09,2634.94
2015-02-10,2627.84
2015-02-11,2628.76
2015-02-12,2631.15
2015-02-13,2625.82
2015-02-16,2626.71
2015-02-17,2610.71
2015-02-18,2624.79
2015-02-19,2619.17
2015-02-20,2618.3
2015-02-23,2631.76
2015-02-24,2644.26
2015-02-25,2647.11
2015-02-26,2641.27
2015-02-27,2643.21
2015-02-28,2644.11
2015-03-02,2631.89
2015-03-03,2627.55
2015-03-04,2627.56
2015-03-05,2630.04
2015-03-06,2611.33
2015-03-09,2617.89
2015-03-10,2626.5
2015-03-11,2629.03
2015-03-12,2630.58
2015-03-13,2626.09
2015-03-16,2623.92
2015-03-17,2630.76
2015-03-18,2645.76
2015-03-19,2643.86
2015-03-20,2651.66
2015-03-23,2654.19
2015-03-24,2660.79
2015-03-25,2654.51
2015-03-26,2639.74
2015-03-27,2651.29
2015-03-30,2649.26
2015-03-31,2653.93
2015-04-01,2664.65
2015-04-02,2659.63
2015-04-03,
2015-04-06,2659.52
2015-04-07,2664.91
2015-04-08,2667.26
2015-04-09,2656.92
2015-04-10,2658.48
2015-04-13,2661.71
2015-04-14,2667.29
2015-04-15,2667.9
2015-04-16,2670.42
2015-04-17,2675.25
2015-04-20,2667.18
2015-04-21,2665.02
2015-04-22,2656.12
2015-04-23,2659.69
2015-04-24,2664.27
2015-04-27,2664.86
2015-04-28,2655.14
2015-04-29,2642.84
2015-04-30,2639.76
2015-05-01,2628.02
2015-05-04,2625.14
2015-05-05,2618.6
2015-05-06,2608.88
2015-05-07,2617.04
2015-05-08,2622.32
2015-05-11,2604.85
2015-05-12,2605.6
2015-05-13,2602.38
2015-05-14,2607.29
2015-05-15,2623.81
2015-05-18,2611.09
2015-05-19,2605.39
2015-05-20,2604.82
2015-05-21,2613.75
2015-05-22,2608.19
2015-05-25,
2015-05-26,2622.19
2015-05-27,2622.92
2015-05-28,2621.99
2015-05-29,2626.12
2015-05-31,2626.42
2015-06-01,2609.65
2015-06-02,2598.43
2015-06-03,2585.69
2015-06-04,2594.65
2015-06-05,2581.25
2015-06-08,2584.69
2015-06-09,2576.74
2015-06-10,2567.41
2015-06-11,2581.76
2015-06-12,2581.67
2015-06-15,2583.55
2015-06-16,2587.95
2015-06-17,2588.64
2015-06-18,2580.68
2015-06-19,2592.89
2015-06-22,2579.92
2015-06-23,2573.11
2015-06-24,2579.69
2015-06-25,2577.03
2015-06-26,2564.75
2015-06-29,2584.63
2015-06-30,2583.36
2015-07-01,2572.06
2015-07-02,2576.49
2015-07-03,2576.78
2015-07-06,2594.32
2015-07-07,2600.03
2015-07-08,2602.72
2015-07-09,2587.21
2015-07-10,2570.22
2015-07-13,2570.33
2015-07-14,2573.32
2015-07-15,2580.35
2015-07-16,2580.83
2015-07-17,2583.52
2015-07-20,2579.05
2015-07-21,2583.21
2015-07-22,2585.61
2015-07-23,2592.16
2015-07-24,2590.83
2015-07-27,2594.85
2015-07-28,2590.8
2015-07-29,2587.9
2015-07-30,2590.68
2015-07-31,2597.28
2015-08-03,2606.19
2015-08-04,2597.33
2015-08-05,2588.53
2015-08-06,2592.05
2015-08-07,2600.55
2015-08-10,2589.84
2015-08-11,2603.71
2015-08-12,2600.44
2015-08-13,2591.62
2015-08-14,2591.42
2015-08-17,2598.83
2015-08-18,2590.45
2015-08-19,2597.29
2015-08-20,2602.79
2015-08-21,2604.08
2015-08-24,2605.1
2015-08-25,2584.17
2015-08-26,2575.68
2015-08-27,2582.36
2015-08-28,2582.36
2015-08-31,2579.86
2015-09-01,2582.51
2015-09-02,2579.22
2015-09-03,2585.04
2015-09-04,2592.99
2015-09-07,2593.88
2015-09-08,2584.83
2015-09-09,2589.73
2015-09-10,2584.07
2015-09-11,2589.88
2015-09-14,2590.41
2015-09-15,2574.03
2015-09-16,2571.92
2015-09-17,2586.18
2015-09-18,2600.97
2015-09-21,2587.89
2015-09-22,2600.17
2015-09-23,2597.47
2015-09-24,2598.15
2015-09-25,2589.95
2015-09-28,2596.21
2015-09-29,2596.22
2015-09-30,2593.38
2015-10-01,2594.44
2015-10-02,2601.81
2015-10-05,2595.12
2015-10-06,2601.96
2015-10-07,2603.3
2015-10-08,2596.51
2015-10-09,2600.62
2015-10-12,2601.5
2015-10-13,2608.64
2015-10-14,2617.95
2015-10-15,2612.82
2015-10-16,2614.28
2015-10-19,2614.08
2015-10-20,2609.09
2015-10-21,2617.11
2015-10-22,2620.62
2015-10-23,2615.58
2015-10-26,2622.04
2015-10-27,2624.81
2015-10-28,2617.0
2015-10-29,2603.75
2015-10-30,2607.24
2015-10-31,2607.28
2015-11-02,2603.82
2015-11-03,2599.2
2015-11-04,2599.43
2015-11-05,2597.91
2015-11-06,2585.51
2015-11-09,2584.31
2015-11-10,2587.33
2015-11-11,2587.63
2015-11-12,2586.04
2015-11-13,2589.7
2015-11-16,2590.02
2015-11-17,2593.5
2015-11-18,2592.8
2015-11-19,2597.59
2015-11-20,2595.5
2015-11-23,2597.71
2015-11-24,2598.13
2015-11-25,2599.05
2015-11-26,2599.35
2015-11-27,2599.93
2015-11-30,2601.44
2015-12-01,2611.72
2015-12-02,2610.04
2015-12-03,2586.25
2015-12-04,2595.15
2015-12-07,2602.71
2015-12-08,2596.17
2015-12-09,2600.02
2015-12-10,2594.24
2015-12-11,2603.76
2015-12-14,2585.0
2015-12-15,2580.34
2015-12-16,2577.97
2015-12-17,2585.45
2015-12-18,2588.76
2015-12-21,2587.79
2015-12-22,2582.05
2015-12-23,2578.76
2015-12-24,2582.89
2015-12-25,
2015-12-28,2586.67
2015-12-29,2574.38
2015-12-30,2575.44
2015-12-31,2578.89
2016-01-01,
2016-01-04,2584.21
2016-01-05,2583.19
2016-01-06,2593.9
2016-01-07,2595.27
2016-01-08,2596.82
2016-01-11,2591.85
2016-01-12,2598.47
2016-01-13,2604.26
2016-01-14,2591.21
2016-01-15,2593.5
2016-01-18,2594.39
2016-01-19,2591.71
2016-01-20,2587.7
2016-01-21,2582.65
2016-01-22,2581.09
2016-01-25,2583.18
2016-01-26,2585.35
2016-01-27,2583.46
2016-01-28,2583.53
2016-01-29,2589.9
2016-01-31,2590.2
2016-02-01,2583.2
2016-02-02,2595.03
2016-02-03,2589.13
2016-02-04,2591.98
2016-02-05,2593.6
2016-02-08,2605.03
2016-02-09,2599.72
2016-02-10,2602.4
2016-02-11,2602.4
2016-02-12,2587.74
2016-02-15,2588.63
2016-02-16,2585.49
2016-02-17,2582.81
2016-02-18,2594.58
2016-02-19,2596.86
2016-02-22,2597.23
2016-02-23,2601.89
2016-02-24,2601.76
2016-02-25,2609.58
2016-02-26,2602.03
2016-02-29,2609.23
2016-03-01,2599.63
2016-03-02,2603.22
2016-03-03,2610.44
2016-03-04,2607.91
2016-03-07,2610.52
2016-03-08,2623.52
2016-03-09,2617.87
2016-03-10,2618.91
2016-03-11,2618.7
2016-03-14,2627.74
2016-03-15,2631.53
2016-03-16,2635.56
2016-03-17,2645.93
2016-03-18,2655.09
2016-03-21,2650.29
2016-03-22,2652.17
2016-03-23,2664.24
2016-03-24,2660.01
2016-03-25,
2016-03-28,2664.67
2016-03-29,2674.18
2016-03-30,2672.06
2016-03-31,2680.05
2016-04-01,2679.95
2016-04-04,2684.58
2016-04-05,2693.12
2016-04-06,2689.33
2016-04-07,2700.03
2016-04-08,2694.26
2016-04-11,2695.71
2016-04-12,2689.0
2016-04-13,2695.78
2016-04-14,2695.66
2016-04-15,2702.99
2016-04-18,2701.56
2016-04-19,2704.21
2016-04-20,2697.77
2016-04-21,2699.58
2016-04-22,2699.35
2016-04-25,2698.18
2016-04-26,2695.97
2016-04-27,2706.62
2016-04-28,2711.48
2016-04-29,2716.21
2016-04-30,2716.51
2016-05-02,2709.6
2016-05-03,2718.62
2016-05-04,2719.44
2016-05-05,2724.64
2016-05-06,2718.63
2016-05-09,2720.8
2016-05-10,2721.23
2016-05-11,2725.14
2016-05-12,2719.18
2016-05-13,2727.04
2016-05-16,2719.37
2016-05-17,2719.28
2016-05-18,2700.35
2016-05-19,2705.52
2016-05-20,2704.95
2016-05-23,2705.71
2016-05-24,2704.27
2016-05-25,2703.13
2016-05-26,2713.14
2016-05-27,2712.17
2016-05-30,2713.03
2016-05-31,2714.74
2016-06-01,2713.39
2016-06-02,2719.41
2016-06-03,2735.36
2016-06-06,2733.74
2016-06-07,2737.1
2016-06-08,2740.57
2016-06-09,2745.65
2016-06-10,2750.26
2016-06-13,2751.73
2016-06-14,2748.03
2016-06-15,2750.13
2016-06-16,2753.11
2016-06-17,2746.29
2016-06-20,2743.65
2016-06-21,2741.37
2016-06-22,2744.63
2016-06-23,2738.96
2016-06-24,2752.43
2016-06-27,2770.33
2016-06-28,2771.38
2016-06-29,2773.69
2016-06-30,2773.91
2016-07-01,2783.38
2016-07-04,2784.27
2016-07-05,2802.81
2016-07-06,2801.19
2016-07-07,2804.76
2016-07-08,2812.49
2016-07-11,2807.87
2016-07-12,2798.78
2016-07-13,2808.53
2016-07-14,2800.16
2016-07-15,2791.55
2016-07-18,2793.64
2016-07-19,2798.68
2016-07-20,2796.19
2016-07-21,2799.0
2016-07-22,2800.12
2016-07-25,2799.95
2016-07-26,2799.63
2016-07-27,2807.2
2016-07-28,2806.43
2016-07-29,2813.84
2016-07-31,2814.14
2016-08-01,2806.93
2016-08-02,2797.72
2016-08-03,2796.03
2016-08-04,2804.63
2016-08-05,2794.18
2016-08-08,2797.41
2016-08-09,2806.89
2016-08-10,2814.56
2016-08-11,2804.19
2016-08-12,2814.52
2016-08-15,2810.69
2016-08-16,2807.81
2016-08-17,2812.38
2016-08-18,2818.28
2016-08-19,2813.16
2016-08-22,2821.97
2016-08-23,2822.58
2016-08-24,2822.44
2016-08-25,2819.0
2016-08-26,2810.14
2016-08-29,2824.45
2016-08-30,2822.44
2016-08-31,2821.85
2016-09-01,2821.82
2016-09-02,2816.28
2016-09-05,2817.17
2016-09-06,2826.0
2016-09-07,2825.47
2016-09-08,2810.7
2016-09-09,2798.69
2016-09-12,2797.62
2016-09-13,2784.93
2016-09-14,2791.27
2016-09-15,2788.71
2016-09-16,2789.75
2016-09-19,2792.28
2016-09-20,2794.88
2016-09-21,2798.73
2016-09-22,2808.57
2016-09-23,2812.47
2016-09-26,2815.32
2016-09-27,2820.49
2016-09-28,2819.7
2016-09-29,2822.53
2016-09-30,2813.72
2016-10-03,2813.16
2016-10-04,2803.48
2016-10-05,2799.58
2016-10-06,2798.35
2016-10-07,2799.82
2016-10-10,2800.71
2016-10-11,2797.84
2016-10-12,2796.47
2016-10-13,2804.19
2016-10-14,2794.23
2016-10-17,2800.93
2016-10-18,2805.3
2016-10-19,2807.03
2016-10-20,2809.11
2016-10-21,2809.46
2016-10-24,2805.92
2016-10-25,2806.89
2016-10-26,2799.47
2016-10-27,2789.98
2016-10-28,2788.01
2016-10-31,2790.43
2016-11-01,2792.06
2016-11-02,2792.23
2016-11-03,2788.02
2016-11-04,2792.4
2016-11-07,2788.84
2016-11-08,2784.59
2016-11-09,2750.29
2016-11-10,2745.58
2016-11-11,2745.88
2016-11-14,2728.12
2016-11-15,2728.62
2016-11-16,2732.94
2016-11-17,2723.85
2016-11-18,2714.25
2016-11-21,2713.39
2016-11-22,2715.57
2016-11-23,2711.36
2016-11-24,2711.65
2016-11-25,2710.71
2016-11-28,2719.43
2016-11-29,2723.82
2016-11-30,2715.67
2016-12-01,2705.68
2016-12-02,2714.25
2016-12-05,2716.41
2016-12-06,2715.32
2016-12-07,2725.01
2016-12-08,2718.86
2016-12-09,2708.55
2016-12-12,2708.82
2016-12-13,2711.45
2016-12-14,2707.57
2016-12-15,2702.51
2016-12-16,2699.25
2016-12-19,2709.8
2016-12-20,2706.43
2016-12-21,2711.91
2016-12-22,2712.12
2016-12-23,2714.95
2016-12-26,
2016-12-27,2711.9
2016-12-28,2721.62
2016-12-29,2726.38
2016-12-30,2732.63
2016-12-31,2732.66
2017-01-02,
2017-01-03,2733.81
2017-01-04,2735.99
2017-01-05,2751.07
2017-01-06,2742.95
2017-01-09,2749.83
2017-01-10,2749.06
2017-01-11,2750.53
2017-01-12,2751.8
2017-01-13,2749.46
2017-01-16,2750.35
2017-01-17,2759.64
2017-01-18,2748.83
2017-01-19,2738.95
2017-01-20,2738.93
2017-01-23,2750.59
2017-01-24,2739.86
2017-01-25,2732.46
2017-01-26,2736.54
2017-01-27,2741.8
2017-01-30,2740.6
2017-01-31,2743.87
2017-02-01,2739.82
2017-02-02,2741.38
2017-02-03,2739.17
2017-02-06,2752.19
2017-02-07,2756.13
2017-02-08,2762.65
2017-02-09,2754.31
2017-02-10,2753.22
2017-02-13,2751.51
2017-02-14,2747.23
2017-02-15,2742.97
2017-02-16,2752.16
2017-02-17,2756.34
2017-02-20,2757.24
2017-02-21,2757.32
2017-02-22,2759.1
2017-02-23,2764.49
2017-02-24,2777.15
2017-02-27,2771.4
2017-02-28,2774.91
2017-03-01,2758.27
2017-03-02,2755.96
2017-03-03,2757.09
2017-03-06,2756.62
2017-03-07,2752.04
2017-03-08,2743.49
2017-03-09,2732.7
2017-03-10,2735.51
2017-03-13,2731.81
2017-03-14,2732.38
2017-03-15,2747.25
2017-03-16,2746.15
2017-03-17,2749.99
2017-03-20,2755.36
2017-03-21,2761.93
2017-03-22,2767.63
2017-03-23,2765.39
2017-03-24,2769.59
2017-03-27,2773.64
2017-03-28,2768.61
2017-03-29,2773.41
2017-03-30,2769.06
2017-03-31,2771.49
2017-04-03,2779.4
2017-04-04,2778.39
2017-04-05,2778.14
2017-04-06,2780.92
2017-04-07,2776.97
2017-04-10,2780.35
2017-04-11,2791.27
2017-04-12,2791.6
2017-04-13,2801.53
2017-04-14,
2017-04-17,2798.06
2017-04-18,2810.07
2017-04-19,2806.31
2017-04-20,2800.8
2017-04-21,2801.86
2017-04-24,2797.78
2017-04-25,2789.74
2017-04-26,2793.14
2017-04-27,2795.92
2017-04-28,2798.54
2017-04-30,2799.14
2017-05-01,2791.28
2017-05-02,2798.22
2017-05-03,2799.22
2017-05-04,2791.86
2017-05-05,2793.21
2017-05-08,2790.76
2017-05-09,2787.57
2017-05-10,2788.57
2017-05-11,2791.43
2017-05-12,2802.72
2017-05-15,2803.24
2017-05-16,2807.34
2017-05-17,2824.31
2017-05-18,2820.34
2017-05-19,2820.68
2017-05-22,2820.5
2017-05-23,2815.49
2017-05-24,2817.97
2017-05-25,2820.33
2017-05-26,2821.65
2017-05-29,2822.56
2017-05-30,2828.34
2017-05-31,2831.68
2017-06-01,2828.96
2017-06-02,2839.6
2017-06-05,2836.17
2017-06-06,2842.39
2017-06-07,2837.9
2017-06-08,2834.84
2017-06-09,2834.4
2017-06-12,2833.0
2017-06-13,2835.03
2017-06-14,2849.57
2017-06-15,2846.59
2017-06-16,2847.83
2017-06-19,2845.35
2017-06-20,2852.84
2017-06-21,2853.48
2017-06-22,2853.54
2017-06-23,2855.5
2017-06-26,2859.47
2017-06-27,2851.0
2017-06-28,2848.38
2017-06-29,2842.7
2017-06-30,2838.63
2017-07-03,2833.58
2017-07-04,2833.88
2017-07-05,2836.95
2017-07-06,2831.46
2017-07-07,2828.26
2017-07-10,2833.2
2017-07-11,2835.17
2017-07-12,2842.7
2017-07-13,2839.76
2017-07-14,2844.43
2017-07-17,2848.65
2017-07-18,2857.35
2017-07-19,2858.44
2017-07-20,2860.56
2017-07-21,2867.02
2017-07-24,2863.53
2017-07-25,2851.21
2017-07-26,2858.7
2017-07-27,2854.97
2017-07-28,2860.27
2017-07-31,2859.84
2017-08-01,2868.47
2017-08-02,2867.88
2017-08-03,2873.31
2017-08-04,2865.53
2017-08-07,2867.12
2017-08-08,2860.77
2017-08-09,2865.09
2017-08-10,2866.51
2017-08-11,2866.1
2017-08-14,2864.04
2017-08-15,2857.83
2017-08-16,2866.06
2017-08-17,2870.23
2017-08-18,2870.2
2017-08-21,2872.97
2017-08-22,2868.1
2017-08-23,2875.34
2017-08-24,2871.87
2017-08-25,2876.12
2017-08-28,2878.39
2017-08-29,2880.23
2017-08-30,2879.3
2017-08-31,2884.06
2017-09-01,2877.77
2017-09-04,2878.67
2017-09-05,2893.54
2017-09-06,2885.38
2017-09-07,2893.46
2017-09-08,2892.16
2017-09-11,2881.6
2017-09-12,2875.99
2017-09-13,2873.99
2017-09-14,2876.24
2017-09-15,2877.86
2017-09-18,2874.99
2017-09-19,2875.76
2017-09-20,2872.89
2017-09-21,2874.41
2017-09-22,2877.02
2017-09-25,2885.32
2017-09-26,2884.71
2017-09-27,2871.84
2017-09-28,2875.06
2017-09-29,2877.18
2017-09-30,2877.48
2017-10-02,2878.45
2017-10-03,2881.58
2017-10-04,2882.1
2017-10-05,2879.43
2017-10-06,2876.86
2017-10-09,2877.77
2017-10-10,2883.26
2017-10-11,2883.31
2017-10-12,2886.05
2017-10-13,2893.75
2017-10-16,2890.56
2017-10-17,2893.15
2017-10-18,2886.61
2017-10-19,2890.61
2017-10-20,2881.21
2017-10-23,2884.73
2017-10-24,2881.17
2017-10-25,2875.14
2017-10-26,2874.68
2017-10-27,2879.44
2017-10-30,2890.61
2017-10-31,2889.09
2017-11-01,2889.27
2017-11-02,2893.51
2017-11-03,2893.54
2017-11-06,2896.81
2017-11-07,2897.5
2017-11-08,2893.77
2017-11-09,2889.1
2017-11-10,2874.95
2017-11-13,2876.31
2017-11-14,2878.56
2017-11-15,2884.2
2017-11-16,2881.08
2017-11-17,2883.91
2017-11-20,2883.5
2017-11-21,2888.52
2017-11-22,2895.82
2017-11-23,2896.13
2017-11-24,2893.37
2017-11-27,2896.15
2017-11-28,2895.73
2017-11-29,2888.95
2017-11-30,2885.04
2017-12-01,2896.61
2017-12-04,2895.26
2017-12-05,2901.37
2017-12-06,2904.93
2017-12-07,2896.04
2017-12-08,2896.15
2017-12-11,2897.13
2017-12-12,2896.15
2017-12-13,2906.6
2017-12-14,2909.28
2017-12-15,2910.77
2017-12-18,2904.31
2017-12-19,2891.62
2017-12-20,2884.84
2017-12-21,2891.03
2017-12-22,2890.07
2017-12-25,
2017-12-26,2895.9
2017-12-27,2907.44
2017-12-28,2905.55
2017-12-29,2909.33
2017-12-31,2909.64
2018-01-01,
2018-01-02,2898.17
2018-01-03,2901.82
2018-01-04,2901.21
2018-01-05,2898.38
2018-01-08,2899.24
2018-01-09,2890.0
2018-01-10,2891.23
2018-01-11,2897.05
2018-01-12,2897.04
2018-01-15,2897.95
2018-01-16,2901.03
2018-01-17,2895.42
2018-01-18,2889.04
2018-01-19,2883.61
2018-01-22,2880.41
2018-01-23,2887.01
2018-01-24,2882.52
2018-01-25,2892.36
2018-01-26,2887.59
2018-01-29,2883.93
2018-01-30,2878.69
2018-01-31,2882.75
2018-02-01,2874.64
2018-02-02,2861.3
2018-02-05,2868.62
2018-02-06,2868.13
2018-02-07,2857.17
2018-02-08,2852.15
2018-02-09,2847.24
2018-02-12,2844.6
2018-02-13,2840.86
2018-02-14,2829.94
2018-02-15,2837.13
2018-02-16,2840.08
2018-02-19,2841.0
2018-02-20,2837.33
2018-02-21,2828.03
2018-02-22,2831.9
2018-02-23,2838.14
2018-02-26,2841.19
2018-02-27,2834.28
2018-02-28,2839.61
2018-03-01,2844.47
2018-03-02,2833.69
2018-03-05,2831.8
2018-03-06,2835.25
2018-03-07,2832.18
2018-03-08,2835.15
2018-03-09,2829.76
2018-03-12,2832.9
2018-03-13,2834.49
2018-03-14,2839.49
2018-03-15,2835.88
2018-03-16,2833.44
2018-03-19,2833.83
2018-03-20,2826.29
2018-03-21,2821.22
2018-03-22,2829.12
2018-03-23,2827.16
2018-03-26,2826.04
2018-03-27,2835.9
2018-03-28,2837.6
2018-03-29,2845.41
2018-03-30,
2018-03-31,2845.72
2018-04-02,2847.49
2018-04-03,2839.35
2018-04-04,2838.79
2018-04-05,2834.57
2018-04-06,2845.92
2018-04-09,2846.51
2018-04-10,2846.85
2018-04-11,2848.65
2018-04-12,2842.9
2018-04-13,2844.02
2018-04-16,2845.3
2018-04-17,2849.4
2018-04-18,2839.02
2018-04-19,2828.33
2018-04-20,2821.42
2018-04-23,2818.67
2018-04-24,2815.54
2018-04-25,2806.64
2018-04-26,2811.81
2018-04-27,2818.23
2018-04-30,2821.48
2018-05-01,2812.07
2018-05-02,2812.54
2018-05-03,2813.8
2018-05-04,2812.6
2018-05-07,2812.4
2018-05-08,2809.29
2018-05-09,2805.0
2018-05-10,2812.06
2018-05-11,2815.27
2018-05-14,2814.34
2018-05-15,2798.94
2018-05-16,2797.48
2018-05-17,2793.91
2018-05-18,2800.19
2018-05-21,2800.86
2018-05-22,2801.08
2018-05-23,2809.78
2018-05-24,2815.49
2018-05-25,2822.68
2018-05-28,2823.61
2018-05-29,2844.91
2018-05-30,2830.99
2018-05-31,2834.18
2018-06-01,2822.76
2018-06-04,2817.48
2018-06-05,2819.69
2018-06-06,2809.29
2018-06-07,2816.91
2018-06-08,2815.5
2018-06-11,2811.99
2018-06-12,2812.75
2018-06-13,2809.99
2018-06-14,2816.22
2018-06-15,2819.34
2018-06-18,2817.02
2018-06-19,2819.189
2018-06-20,2811.93
2018-06-21,2811.35
2018-06-22,2809.96
2018-06-25,2812.61
2018-06-26,2812.16
2018-06-27,2821.57
2018-06-28,2817.37
2018-06-29,2818.58
2018-06-30,2818.89
2018-07-02,2816.75
2018-07-03,2823.06
2018-07-04,2823.38
2018-07-05,2826.09
2018-07-06,2830.55
2018-07-09,2829.74
2018-07-10,2831.02
2018-07-11,2836.08
2018-07-12,2836.91
2018-07-13,2842.29
2018-07-16,2838.93
2018-07-17,2838.27
2018-07-18,2836.78
2018-07-19,2841.84
2018-07-20,2833.71
2018-07-23,2823.01
2018-07-24,2830.86
2018-07-25,2835.04
2018-07-26,2831.74
2018-07-27,2836.38
2018-07-30,2835.12
2018-07-31,2839.77
2018-08-01,2833.24
2018-08-02,2836.08
2018-08-03,2843.21
2018-08-06,2847.61
2018-08-07,2842.35
2018-08-08,2840.97
2018-08-09,2844.67
2018-08-10,2853.46
2018-08-13,2847.67
2018-08-14,2846.02
2018-08-15,2852.75
2018-08-16,2852.06
2018-08-17,2852.81
2018-08-20,2862.66
2018-08-21,2859.52
2018-08-22,2861.35
2018-08-23,2861.81
2018-08-24,2860.83
2018-08-27,2858.2
2018-08-28,2852.7
2018-08-29,2853.61
2018-08-30,2855.94
2018-08-31,2855.22
2018-09-03,2856.16
2018-09-04,2845.29
2018-09-05,2845.5
2018-09-06,2851.2
2018-09-07,2841.06
2018-09-10,2844.24
2018-09-11,2838.93
2018-09-12,2843.52
2018-09-13,2846.07
2018-09-14,2842.83
2018-09-17,2843.64
2018-09-18,2835.36
2018-09-19,2829.96
2018-09-20,2835.82
2018-09-21,2838.39
2018-09-24,2837.17
2018-09-25,2834.56
2018-09-26,2842.07
2018-09-27,2844.47
2018-09-28,2845.3
2018-09-30,2845.93
2018-10-01,2841.2
2018-10-02,2846.85
2018-10-03,2830.88
2018-10-04,2822.84
2018-10-05,2814.96
2018-10-08,2815.92
2018-10-09,2820.45
2018-10-10,2817.39
2018-10-11,2827.12
2018-10-12,2825.92
2018-10-15,2823.23
2018-10-16,2824.88
2018-10-17,2820.02
2018-10-18,2819.26
2018-10-19,2813.91
2018-10-22,2814.04
2018-10-23,2814.09
2018-10-24,2822.38
2018-10-25,2816.47
2018-10-26,2822.34
2018-10-29,2821.76
2018-10-30,2813.86
2018-10-31,2807.48
2018-11-01,2808.7
2018-11-02,2798.8
2018-11-05,2803.04
2018-11-06,2804.96
2018-11-07,2808.11
2018-11-08,2806.27
2018-11-09,2811.39
2018-11-12,2812.35
2018-11-13,2812.81
2018-11-14,2810.29
2018-11-15,2802.84
2018-11-16,2808.63
2018-11-19,2808.61
2018-11-20,2804.83
2018-11-21,2804.9
2018-11-22,2805.22
2018-11-23,2806.26
2018-11-26,2805.62
2018-11-27,2803.71
2018-11-28,2802.8
2018-11-29,2801.84
2018-11-30,2802.12
2018-12-03,2810.39
2018-12-04,2819.57
2018-12-05,2819.89
2018-12-06,2820.17
2018-12-07,2823.24
2018-12-10,2822.54
2018-12-11,2822.36
2018-12-12,2823.33
2018-12-13,2825.48
2018-12-14,2829.25
2018-12-17,2836.37
2018-12-18,2841.89
2018-12-19,2850.51
2018-12-20,2842.0
2018-12-21,2837.81
2018-12-24,2843.55
2018-12-25,
2018-12-26,2834.39
2018-12-27,2839.53
2018-12-28,2837.54
2018-12-31,2844.18
2019-01-01,
2019-01-02,2849.22
2019-01-03,2863.31
2019-01-04,2847.57
2019-01-07,2849.03
2019-01-08,2848.17
2019-01-09,2851.02
2019-01-10,2849.53
2019-01-11,2855.49
2019-01-14,2852.56
2019-01-15,2852.72
2019-01-16,2853.89
2019-01-17,2855.09
2019-01-18,2856.56
2019-01-21,2857.53
2019-01-22,2868.35
2019-01-23,2868.54
2019-01-24,2878.31
2019-01-25,2875.78
2019-01-28,2878.72
2019-01-29,2884.96
2019-01-30,2888.22
2019-01-31,2903.72
2019-02-01,2900.19
2019-02-04,2898.78
2019-02-05,2907.14
2019-02-06,2907.81
2019-02-07,2912.81
2019-02-08,2916.36
2019-02-11,2913.1
2019-02-12,2910.37
2019-02-13,2908.45
2019-02-14,2913.99
2019-02-15,2915.42
2019-02-18,2916.39
2019-02-19,2919.3
2019-02-20,2917.6
2019-02-21,2910.02
2019-02-22,2917.04
2019-02-25,2917.47
2019-02-26,2923.54
2019-02-27,2914.23
2019-02-28,2914.16
2019-03-01,2909.41
2019-03-04,2916.88
2019-03-05,2917.28
2019-03-06,2921.17
2019-03-07,2929.86
2019-03-08,2930.66
2019-03-11,2929.15
2019-03-12,2938.49
2019-03-13,2936.99
2019-03-14,2933.23
2019-03-15,2940.49
2019-03-18,2942.38
2019-03-19,2941.13
2019-03-20,2952.6
2019-03-21,2956.05
2019-03-22,2972.67
2019-03-25,2979.95
2019-03-26,2982.25
2019-03-27,2990.35
2019-03-28,2989.22
2019-03-29,2986.39
2019-03-31,2986.72
2019-04-01,2974.6
2019-04-02,2977.83
2019-04-03,2973.05
2019-04-04,2975.78
2019-04-05,2980.06
2019-04-08,2979.04
2019-04-09,2984.6
2019-04-10,2989.77
2019-04-11,2987.26
2019-04-12,2983.68
2019-04-15,2987.62
2019-04-16,2982.56
2019-04-17,2983.99
2019-04-18,2989.72
2019-04-19,
2019-04-22,2983.64
2019-04-23,2988.12
2019-04-24,2997.56
2019-04-25,2996.2
2019-04-26,3002.99
2019-04-29,2997.85
2019-04-30,3003.35
2019-05-01,3004.59
2019-05-02,2994.52
2019-05-03,2998.85
2019-05-06,3003.38
2019-05-07,3011.18
2019-05-08,3003.91
2019-05-09,3004.62
2019-05-10,3004.27
2019-05-13,3009.94
2019-05-14,3007.86
2019-05-15,3015.06
2019-05-16,3012.13
2019-05-17,3014.25
2019-05-20,3010.48
2019-05-21,3008.2
2019-05-22,3012.66
2019-05-23,3025.61
2019-05-24,3019.79
2019-05-27,3020.78
2019-05-28,3029.37
2019-05-29,3030.14
2019-05-30,3034.85
2019-05-31,3046.43
2019-06-03,3056.37
2019-06-04,3049.02
2019-06-05,3049.25
2019-06-06,3050.25
2019-06-07,3060.71
2019-06-10,3054.9
2019-06-11,3057.32
2019-06-12,3058.43
2019-06-13,3065.55
2019-06-14,3065.33
2019-06-17,3068.76
2019-06-18,3077.54
2019-06-19,3086.57
2019-06-20,3098.42
2019-06-21,3091.32
2019-06-24,3106.3
2019-06-25,3108.48
2019-06-26,3100.57
2019-06-27,3111.85
2019-06-28,3115.84
2019-06-30,3116.5
2019-07-01,3113.58
2019-07-02,3126.16
2019-07-03,3133.0
2019-07-04,3133.33
2019-07-05,3115.72
2019-07-08,3119.4
2019-07-09,3114.2
2019-07-10,3112.35
2019-07-11,3101.86
2019-07-12,3105.18
2019-07-15,3109.77
2019-07-16,3104.59
2019-07-17,3116.33
2019-07-18,3119.96
2019-07-19,3119.61
2019-07-22,3123.32
2019-07-23,3119.55
2019-07-24,3126.89
2019-07-25,3124.16
2019-07-26,3125.04
2019-07-29,3131.25
2019-07-30,3128.62
2019-07-31,3136.92
2019-08-01,3158.5
2019-08-02,3161.46
2019-08-05,3176.06
2019-08-06,3175.28
2019-08-07,3184.15
2019-08-08,3179.46
2019-08-09,3177.55
2019-08-12,3197.24
2019-08-13,3190.06
2019-08-14,3205.3
2019-08-15,3213.88
2019-08-16,3212.19
2019-08-19,3200.64
2019-08-20,3211.85
2019-08-21,3212.54
2019-08-22,3207.21
2019-08-23,3225.09
2019-08-26,3221.15
2019-08-27,3234.37
2019-08-28,3238.2
2019-08-29,3229.0
2019-08-30,3232.08
2019-08-31,3232.16
2019-09-02,3232.83
2019-09-03,3238.01
2019-09-04,3239.11
2019-09-05,3217.85
2019-09-06,3224.31
2019-09-09,3210.37
2019-09-10,3192.09
2019-09-11,3187.34
2019-09-12,3178.15
2019-09-13,3157.24
2019-09-16,3171.1
2019-09-17,3176.76
2019-09-18,3184.35
2019-09-19,3190.76
2019-09-20,3196.93
2019-09-23,3207.7
2019-09-24,3220.71
2019-09-25,3198.23
2019-09-26,3209.29
2019-09-27,3211.09
2019-09-30,3212.17
2019-10-01,3218.16
2019-10-02,3220.41
2019-10-03,3232.29
2019-10-04,3238.34
2019-10-07,3231.03
2019-10-08,3231.42
2019-10-09,3222.97
2019-10-10,3210.12
2019-10-11,3198.4
2019-10-14,3199.4
2019-10-15,3200.29
2019-10-16,3205.33
2019-10-17,3206.18
2019-10-18,3209.26
2019-10-21,3204.01
2019-10-22,3212.92
2019-10-23,3213.32
2019-10-24,3213.92
2019-10-25,3208.84
2019-10-28,3202.04
2019-10-29,3206.21
2019-10-30,3212.76
2019-10-31,3231.82
2019-11-01,3226.78
2019-11-04,3217.21
2019-11-05,3203.46
2019-11-06,3215.15
2019-11-07,3196.09
2019-11-08,3194.38
2019-11-11,3195.39
2019-11-12,3201.18
2019-11-13,3207.91
2019-11-14,3218.35
2019-11-15,3214.7
2019-11-18,3220.23
2019-11-19,3225.67
2019-11-20,3233.56
2019-11-21,3225.63
2019-11-22,3227.13
2019-11-25,3233.73
2019-11-26,3242.43
2019-11-27,3239.07
2019-11-28,
2019-11-29,3238.49
2019-11-30,3238.82
2019-12-02,3224.51
2019-12-03,3249.29
2019-12-04,3237.63
2019-12-05,3238.0
2019-12-06,3233.16
2019-12-09,3238.88
2019-12-10,3240.98
2019-12-11,3250.15
2019-12-12,3230.49
2019-12-13,3251.11
2019-12-16,3240.77
2019-12-17,3243.31
2019-12-18,3239.36
2019-12-19,3244.49
2019-12-20,3244.38
2019-12-23,3241.99
2019-12-24,3247.71
2019-12-25,
2019-12-26,3249.2
2019-12-27,3257.1
2019-12-30,3253.18
2019-12-31,3249.02
2020-01-01,
2020-01-02,3256.1
2020-01-03,3272.65
2020-01-06,3263.67
2020-01-07,3258.23
2020-01-08,3247.32
2020-01-09,3256.19
2020-01-10,3267.81
2020-01-13,3264.51
2020-01-14,3269.38
2020-01-15,3276.28
2020-01-16,3274.85
2020-01-17,3273.05
2020-01-20,3274.06
2020-01-21,3289.66
2020-01-22,3293.15
2020-01-23,3297.67
2020-01-24,3308.01
2020-01-27,3316.07
2020-01-28,3307.86
2020-01-29,3320.21
2020-01-30,3322.1
2020-01-31,3326.21
2020-02-03,3327.4
2020-02-04,3312.4
2020-02-05,3307.16
2020-02-06,3313.72
2020-02-07,3328.74
2020-02-10,3334.37
2020-02-11,3327.65
2020-02-12,3321.55
2020-02-13,3325.28
2020-02-14,3332.55
2020-02-17,3333.55
2020-02-18,3340.14
2020-02-19,3337.64
2020-02-20,3344.47
2020-02-21,3353.08
2020-02-24,3363.53
2020-02-25,3365.37
2020-02-26,3365.3
2020-02-27,3352.81
2020-02-28,3368.46
2020-02-29,3369.13
2020-03-02,3370.82
2020-03-03,3386.55
2020-03-04,3394.78
2020-03-05,3403.64
2020-03-06,3431.79
2020-03-09,3381.48
2020-03-10,3323.69
2020-03-11,3289.97
2020-03-12,3219.04
2020-03-13,3187.61
2020-03-16,3186.53
2020-03-17,3102.56
2020-03-18,2985.98
2020-03-19,2935.92
2020-03-20,2912.16
2020-03-23,2925.22
2020-03-24,2953.53
2020-03-25,2999.84
2020-03-26,3049.19
2020-03-27,3078.06
2020-03-30,3105.81
2020-03-31,3117.32
2020-04-01,3122.7
2020-04-02,3121.87
2020-04-03,3126.03
2020-04-06,3119.87
2020-04-07,3133.45
2020-04-08,3147.79
2020-04-09,3203.71
2020-04-10,
2020-04-13,3232.21
2020-04-14,3250.72
2020-04-15,3269.85
2020-04-16,3279.72
2020-04-17,3272.32
2020-04-20,3273.33
2020-04-21,3274.78
2020-04-22,3265.87
2020-04-23,3276.23
2020-04-24,3279.36
2020-04-27,3267.06
2020-04-28,3278.85
2020-04-29,3280.08
2020-04-30,3281.69
2020-05-01,3275.74
2020-05-04,3270.83
2020-05-05,3267.82
2020-05-06,3251.72
2020-05-07,3266.23
2020-05-08,3247.87
2020-05-11,3232.24
2020-05-12,3246.86
2020-05-13,3255.18
2020-05-14,3263.17
2020-05-15,3263.89
2020-05-18,3258.06
2020-05-19,3278.73
2020-05-20,3300.99
2020-05-21,3308.89
2020-05-22,3315.17
2020-05-25,3316.17
2020-05-26,3314.79
2020-05-27,3322.48
2020-05-28,3321.61
2020-05-29,3338.72
2020-05-31,3339.06
2020-06-01,3337.7
2020-06-02,3342.24
2020-06-03,3342.79
2020-06-04,3338.91
2020-06-05,3350.99
2020-06-08,3366.51
2020-06-09,3374.6
2020-06-10,3385.76
2020-06-11,3386.29
2020-06-12,3375.35
2020-06-15,3372.59
2020-06-16,3388.9
2020-06-17,3395.34
2020-06-18,3402.39
2020-06-19,3404.29
2020-06-22,3403.8
2020-06-23,3401.66
2020-06-24,3399.39
2020-06-25,3399.16
2020-06-26,3406.26
2020-06-29,3404.12
2020-06-30,3406.35
2020-07-01,3409.53
2020-07-02,3421.09
2020-07-03,3421.42
2020-07-06,3428.52
2020-07-07,3440.6
2020-07-08,3440.84
2020-07-09,3455.9
2020-07-10,3449.46
2020-07-13,3451.82
2020-07-14,3459.25
2020-07-15,3460.89
2020-07-16,3469.44
2020-07-17,3468.93
2020-07-20,3477.98
2020-07-21,3488.59
2020-07-22,3497.87
2020-07-23,3506.56
2020-07-24,3505.33
2020-07-27,3500.48
2020-07-28,3504.62
2020-07-29,3502.12
2020-07-30,3511.67
2020-07-31,3513.67
2020-08-03,3508.43
2020-08-04,3523.5
2020-08-05,3522.46
2020-08-06,3529.51
2020-08-07,3525.76
2020-08-10,3524.0
2020-08-11,3503.37
2020-08-12,3500.44
2020-08-13,3485.13
2020-08-14,3479.09
2020-08-17,3480.91
2020-08-18,3481.59
2020-08-19,3477.86
2020-08-20,3484.62
2020-08-21,3488.16
2020-08-24,3489.65
2020-08-25,3480.44
2020-08-26,3475.28
2020-08-27,3456.27
2020-08-28,3458.65
2020-08-31,3473.12
2020-09-01,3484.07
2020-09-02,3498.32
2020-09-03,3504.34
2020-09-04,3472.3
2020-09-07,3473.28
2020-09-08,3478.83
2020-09-09,3471.4
2020-09-10,3477.99
2020-09-11,3481.89
2020-09-14,3485.37
2020-09-15,3483.42
2020-09-16,3483.1
2020-09-17,3487.26
2020-09-18,3483.1
2020-09-21,3483.92
2020-09-22,3485.12
2020-09-23,3478.89
2020-09-24,3471.95
2020-09-25,3463.16
2020-09-28,3462.65
2020-09-29,3469.98
2020-09-30,3463.95
2020-10-01,3465.7
2020-10-02,3461.6
2020-10-05,3451.13
2020-10-06,3465.86
2020-10-07,3457.72
2020-10-08,3466.42
2020-10-09,3466.84
2020-10-12,3467.82
2020-10-13,3485.26
2020-10-14,3487.42
2020-10-15,3482.53
2020-10-16,3482.0
2020-10-19,3480.24
2020-10-20,3470.0
2020-10-21,3466.64
2020-10-22,3460.16
2020-10-23,3465.68
2020-10-26,3476.01
2020-10-27,3482.78
2020-10-28,3475.92
2020-10-29,3462.64
2020-10-30,3457.93
2020-10-31,3458.0
2020-11-02,3462.94
2020-11-03,3460.08
2020-11-04,3494.12
2020-11-05,3505.16
2020-11-06,3498.67
2020-11-09,3482.84
2020-11-10,3481.8
2020-11-11,3482.13
2020-11-12,3501.05
2020-11-13,3499.99
2020-11-16,3502.21
2020-11-17,3513.19
2020-11-18,3518.76
2020-11-19,3529.95
2020-11-20,3540.26
2020-11-23,3534.81
2020-11-24,3531.77
2020-11-25,3531.24
2020-11-26,3531.56
2020-11-27,3543.66
2020-11-30,3550.19
2020-12-01,3534.57
2020-12-02,3534.48
2020-12-03,3546.64
2020-12-04,3533.89
2020-12-07,3544.17
2020-12-08,3545.41
2020-12-09,3532.26
2020-12-10,3543.61
2020-12-11,3544.88
2020-12-14,3545.98
2020-12-15,3540.28
2020-12-16,3545.03
2020-12-17,3546.49
2020-12-18,3542.83
2020-12-21,3544.04
2020-12-22,3551.44
2020-12-23,3542.86
2020-12-24,3550.43
2020-12-25,
2020-12-28,3554.4
2020-12-29,3556.09
2020-12-30,3561.7
2020-12-31,3567.63
2021-01-01,
2021-01-04,3563.87
2021-01-05,3547.06
2021-01-06,3521.13
2021-01-07,3519.78
2021-01-08,3517.28
2021-01-11,3513.68
2021-01-12,3512.28
2021-01-13,3530.8
2021-01-14,3522.82
2021-01-15,3529.78
2021-01-18,3530.76
2021-01-19,3535.82
2021-01-20,3536.61
2021-01-21,3527.61
2021-01-22,3528.32
2021-01-25,3539.03
2021-01-26,3538.36
2021-01-27,3540.66
2021-01-28,3531.71
2021-01-29,3523.78
2021-01-31,3524.11
2021-02-01,3527.06
2021-02-02,3522.01
2021-02-03,3516.63
2021-02-04,3516.46
2021-02-05,3512.43
2021-02-08,3520.82
2021-02-09,3520.85
2021-02-10,3527.05
2021-02-11,3522.72
2021-02-12,3510.43
2021-02-15,3511.4
2021-02-16,3494.24
2021-02-17,3498.5
2021-02-18,3500.96
2021-02-19,3486.85
2021-02-22,3473.73
2021-02-23,3465.79
2021-02-24,3459.15
2021-02-25,3435.47
2021-02-26,3453.9
2021-02-28,3455.19
2021-03-01,3455.03
2021-03-02,3460.51
2021-03-03,3449.19
2021-03-04,3429.95
2021-03-05,3423.15
2021-03-08,3410.17
2021-03-09,3414.97
2021-03-10,3422.58
2021-03-11,3423.37
2021-03-12,3397.66
2021-03-15,3403.89
2021-03-16,3401.3
2021-03-17,3395.33
2021-03-18,3385.76
2021-03-19,3390.09
2021-03-22,3404.82
2021-03-23,3412.06
2021-03-24,3417.92
2021-03-25,3414.96
2021-03-26,3409.93
2021-03-29,3399.47
2021-03-30,3406.11
2021-03-31,3407.27
2021-04-01,3430.06
2021-04-02,
2021-04-05,3425.19
2021-04-06,3437.31
2021-04-07,3436.81
2021-04-08,3441.6
2021-04-09,3437.47
2021-04-12,3435.96
2021-04-13,3446.46
2021-04-14,3444.56
2021-04-15,3469.89
2021-04-16,3455.96
2021-04-19,3446.14
2021-04-20,3452.5
2021-04-21,3452.32
2021-04-22,3458.28
2021-04-23,3457.17
2021-04-26,3459.49
2021-04-27,3448.23
2021-04-28,3448.21
2021-04-29,3445.89
2021-04-30,3447.81
2021-05-03,3455.15
2021-05-04,3458.68
2021-05-05,3461.84
2021-05-06,3467.39
2021-05-07,3463.83
2021-05-10,3457.39
2021-05-11,3447.53
2021-05-12,3430.68
2021-05-13,3437.65
2021-05-14,3447.64
2021-05-17,3449.78
2021-05-18,3448.48
2021-05-19,3438.09
2021-05-20,3451.42
2021-05-21,3454.41
2021-05-24,3463.1
2021-05-25,3474.87
2021-05-26,3474.1
2021-05-27,3466.91
2021-05-28,3471.38
2021-05-31,3472.02
2021-06-01,3466.91
2021-06-02,3473.11
2021-06-03,3465.96
2021-06-04,3481.51
2021-06-07,3479.5
2021-06-08,3489.87
2021-06-09,3499.99
2021-06-10,3506.51
2021-06-11,3508.39
2021-06-14,3500.35
2021-06-15,3500.25
2021-06-16,3492.35
2021-06-17,3514.11
2021-06-18,3527.42
2021-06-21,3513.74
2021-06-22,3514.69
2021-06-23,3512.13
2021-06-24,3515.03
2021-06-25,3501.95
2021-06-28,3520.21
2021-06-29,3521.78
2021-06-30,3529.82
2021-07-01,3522.2
2021-07-02,3533.04
2021-07-05,3534.0
2021-07-06,3546.0
2021-07-07,3557.13
2021-07-08,3561.3
2021-07-09,3543.92
2021-07-12,3543.03
2021-07-13,3530.99
2021-07-14,3545.36
2021-07-15,3559.13
2021-07-16,3555.48
2021-07-19,3577.73
2021-07-20,3567.65
2021-07-21,3555.76
2021-07-22,3563.67
2021-07-23,3560.39
2021-07-26,3562.34
2021-07-27,3570.76
2021-07-28,3565.55
2021-07-29,3566.88
2021-07-30,3572.44
2021-07-31,3572.51
2021-08-02,3584.73
2021-08-03,3583.86
2021-08-04,3583.66
2021-08-05,3575.83
2021-08-06,3556.41
2021-08-09,3547.63
2021-08-10,3540.39
2021-08-11,3537.58
2021-08-12,3536.0
2021-08-13,3555.76
2021-08-16,3565.4
2021-08-17,3563.06
2021-08-18,3561.44
2021-08-19,3565.02
2021-08-20,3564.11
2021-08-23,3566.57
2021-08-24,3560.38
2021-08-25,3549.58
2021-08-26,3553.85
2021-08-27,3562.47
2021-08-30,3570.57
2021-08-31,3565.44
2021-09-01,3567.26
2021-09-02,3570.72
2021-09-03,3563.85
2021-09-06,3564.81
2021-09-07,3552.85
2021-09-08,3560.3
2021-09-09,3573.78
2021-09-10,3566.83
2021-09-13,3574.99
2021-09-14,3587.15
2021-09-15,3581.47
2021-09-16,3576.18
2021-09-17,3568.97
2021-09-20,3581.57
2021-09-21,3579.28
2021-09-22,3580.16
2021-09-23,3563.74
2021-09-24,3552.93
2021-09-27,3552.47
2021-09-28,3533.84
2021-09-29,3530.96
2021-09-30,3527.75
2021-10-01,3541.65
2021-10-04,3538.86
2021-10-05,3527.68
2021-10-06,3527.76
2021-10-07,3515.49
2021-10-08,3505.87
2021-10-11,3506.82
2021-10-12,3512.21
2021-10-13,3524.14
2021-10-14,3532.23
2021-10-15,3524.22
2021-10-18,3527.45
2021-10-19,3514.57
2021-10-20,3511.52
2021-10-21,3502.17
2021-10-22,3508.34
2021-10-25,3513.38
2021-10-26,3521.11
2021-10-27,3546.72
2021-10-28,3536.16
2021-10-29,3536.24
2021-10-31,3536.56
2021-11-01,3530.36
2021-11-02,3536.64
2021-11-03,3530.6
2021-11-04,3544.27
2021-11-05,3565.89
2021-11-08,3560.76
2021-11-09,3575.5
2021-11-10,3543.95
2021-11-11,3544.27
2021-11-12,3532.1
2021-11-15,3518.38
2021-11-16,3511.42
2021-11-17,3515.36
2021-11-18,3522.02
2021-11-19,3535.3
2021-11-22,3513.26
2021-11-23,3498.62
2021-11-24,3503.86
2021-11-25,3504.17
2021-11-26,3528.84
2021-11-29,3520.36
2021-11-30,3539.8
2021-12-01,3538.77
2021-12-02,3532.7
2021-12-03,3560.9
2021-12-06,3543.06
2021-12-07,3540.32
2021-12-08,3526.93
2021-12-09,3529.8
2021-12-10,3527.36
2021-12-13,3544.67
2021-12-14,3537.19
2021-12-15,3526.76
2021-12-16,3535.05
2021-12-17,3540.09
2021-12-20,3531.34
2021-12-21,3519.23
2021-12-22,3530.55
2021-12-23,3521.02
2021-12-24,
2021-12-27,3527.77
2021-12-28,3529.05
2021-12-29,3517.59
2021-12-30,3525.79
2021-12-31,3533.73
2022-01-03,3500.61
2022-01-04,3491.41
2022-01-05,3487.35
2022-01-06,3480.58
2022-01-07,3472.18
2022-01-10,3467.68
2022-01-11,3474.82
2022-01-12,3476.44
2022-01-13,3478.29
2022-01-14,3459.13
2022-01-17,3460.08
2022-01-18,3433.86
2022-01-19,3445.1
2022-01-20,3441.48
2022-01-21,3452.32
2022-01-24,3446.19
2022-01-25,3434.86
2022-01-26,3425.23
2022-01-27,3427.51
2022-01-28,3423.88
2022-01-31,3423.31
2022-02-01,3422.75
2022-02-02,3433.3
2022-02-03,3415.1
2022-02-04,3385.37
2022-02-07,3386.03
2022-02-08,3380.07
2022-02-09,3386.06
2022-02-10,3358.12
2022-02-11,3366.95
2022-02-14,3350.65
2022-02-15,3338.17
2022-02-16,3332.09
2022-02-17,3336.69
2022-02-18,3341.73
2022-02-21,3342.68
2022-02-22,3333.31
2022-02-23,3325.21
2022-02-24,3308.73
2022-02-25,3316.58
2022-02-28,3348.65
2022-03-01,3370.86
2022-03-02,3332.34
2022-03-03,3334.97
2022-03-04,3347.71
2022-03-07,3328.95
2022-03-08,3290.59
2022-03-09,3279.28
2022-03-10,3258.12
2022-03-11,3256.84
2022-03-14,3224.55
2022-03-15,3220.15
2022-03-16,3233.01
2022-03-17,3252.2
2022-03-18,3269.52
2022-03-21,3240.65
2022-03-22,3232.42
2022-03-23,3246.72
2022-03-24,3241.18
2022-03-25,3214.63
2022-03-28,3221.13
2022-03-29,3242.94
2022-03-30,3256.36
2022-03-31,3260.28
2022-04-01,3257.68
2022-04-04,3255.59
2022-04-05,3230.28
2022-04-06,3213.79
2022-04-07,3204.33
2022-04-08,3184.77
2022-04-11,3163.43
2022-04-12,3169.09
2022-04-13,3170.73
2022-04-14,3146.81
2022-04-15,
2022-04-18,3136.56
2022-04-19,3120.64
2022-04-20,3137.93
2022-04-21,3117.49
2022-04-22,3107.88
2022-04-25,3120.15
2022-04-26,3129.34
2022-04-27,3119.47
2022-04-28,3107.0
2022-04-29,3097.87
2022-04-30,3098.19
2022-05-02,3071.62
2022-05-03,3083.53
2022-05-04,3092.31
2022-05-05,3063.48
2022-05-06,3051.4
2022-05-09,3051.92
2022-05-10,3067.18
2022-05-11,3081.45
2022-05-12,3093.31
2022-05-13,3067.58
2022-05-16,3073.33
2022-05-17,3053.5
2022-05-18,3063.91
2022-05-19,3065.87
2022-05-20,3079.23
2022-05-23,3068.41
2022-05-24,3091.82
2022-05-25,3107.48
2022-05-26,3119.3
2022-05-27,3125.48
2022-05-30,3126.36
2022-05-31,3114.77
2022-06-01,3105.65
2022-06-02,3107.55
2022-06-03,3098.4
2022-06-06,3084.08
2022-06-07,3096.64
2022-06-08,3086.83
2022-06-09,3081.77
2022-06-10,3050.57
2022-06-13,2996.17
2022-06-14,2976.4
2022-06-15,2994.81
2022-06-16,3000.98
2022-06-17,3013.2
2022-06-20,3014.18
2022-06-21,3001.55
2022-06-22,3022.82
2022-06-23,3034.25
2022-06-24,3026.65
2022-06-27,3017.19
2022-06-28,3010.28
2022-06-29,3027.59
2022-06-30,3041.57
2022-07-01,3048.14
2022-07-04,3049.12
2022-07-05,3062.64
2022-07-06,3044.85
2022-07-07,3038.6
2022-07-08,3027.76
2022-07-11,3048.78
2022-07-12,3053.97
2022-07-13,3060.02
2022-07-14,3050.1
2022-07-15,3059.5
2022-07-18,3059.56
2022-07-19,3050.7
2022-07-20,3052.82
2022-07-21,3081.35
2022-07-22,3104.66
2022-07-25,3092.52
2022-07-26,3094.09
2022-07-27,3105.99
2022-07-28,3114.75
2022-07-29,3130.93
2022-07-31,3131.26
2022-08-01,3141.58
2022-08-02,3116.66
2022-08-03,3118.51
2022-08-04,3130.05
2022-08-05,3098.35
2022-08-08,3114.37
2022-08-09,3105.58
2022-08-10,3113.01
2022-08-11,3100.25
2022-08-12,3111.71
2022-08-15,3124.07
2022-08-16,3118.19
2022-08-17,3101.92
2022-08-18,3105.04
2022-08-19,3080.89
2022-08-22,3067.43
2022-08-23,3065.63
2022-08-24,3056.75
2022-08-25,3076.47
2022-08-26,3075.99
2022-08-29,3058.39
2022-08-30,3058.04
2022-08-31,3047.93
2022-09-01,3015.76
2022-09-02,3030.54
2022-09-05,3031.54
2022-09-06,2999.46
2022-09-07,3016.62
2022-09-08,3014.26
2022-09-09,3014.68
2022-09-12,3011.54
2022-09-13,2997.05
2022-09-14,3000.32
2022-09-15,2993.01
2022-09-16,2985.83
2022-09-19,2983.21
2022-09-20,2971.63
2022-09-21,2984.01
2022-09-22,2947.35
2022-09-23,2941.03
2022-09-26,2906.04
2022-09-27,2875.31
2022-09-28,2907.26
2022-09-29,2887.86
2022-09-30,2886.14
2022-10-03,2916.62
2022-10-04,2928.54
2022-10-05,2910.7
2022-10-06,2905.61
2022-10-07,2890.25
2022-10-10,2891.26
2022-10-11,2869.15
2022-10-12,2867.65
2022-10-13,2853.66
2022-10-14,2844.36
2022-10-17,2846.42
2022-10-18,2855.25
2022-10-19,2831.08
2022-10-20,2814.76
2022-10-21,2809.29
2022-10-24,2810.88
2022-10-25,2839.86
2022-10-26,2853.67
2022-10-27,2868.58
2022-10-28,2861.1
2022-10-31,2853.97
2022-11-01,2862.59
2022-11-02,2861.65
2022-11-03,2846.5
2022-11-04,2844.03
2022-11-07,2839.62
2022-11-08,2854.54
2022-11-09,2857.38
2022-11-10,2914.42
2022-11-11,2914.76
2022-11-14,2919.84
2022-11-15,2944.82
2022-11-16,2965.33
2022-11-17,2951.53
2022-11-18,2949.34
2022-11-21,2954.19
2022-11-22,2969.68
2022-11-23,2987.61
2022-11-24,2987.95
2022-11-25,2989.84
2022-11-28,2991.21
2022-11-29,2977.8
2022-11-30,2994.31
2022-12-01,3031.23
2022-12-02,3041.86
2022-12-05,3023.74
2022-12-06,3038.42
2022-12-07,3061.46
2022-12-08,3057.04
2022-12-09,3036.77
2022-12-12,3038.11
2022-12-13,3058.91
2022-12-14,3064.24
2022-12-15,3065.23
2022-12-16,3054.64
2022-12-19,3035.02
2022-12-20,3013.52
2022-12-21,3018.55
2022-12-22,3018.46
2022-12-23,3006.03
2022-12-26,
2022-12-27,2987.49
2022-12-28,2981.16
2022-12-29,2991.15
2022-12-30,2987.87
2022-12-31,2987.97
2023-01-02,
2023-01-03,2996.21
2023-01-04,3013.22
2023-01-05,3012.36
2023-01-06,3042.94
2023-01-09,3056.82
2023-01-10,3044.69
2023-01-11,3066.8
2023-01-12,3092.77
2023-01-13,3083.74
2023-01-16,3084.77
2023-01-17,3083.75
2023-01-18,3116.38
2023-01-19,3106.46
2023-01-20,3089.07
2023-01-23,3085.47
2023-01-24,3100.61
2023-01-25,3103.07
2023-01-26,3100.4
2023-01-27,3097.86
2023-01-30,3091.22
2023-01-31,3104.17
2023-02-01,3124.0
2023-02-02,3133.04
2023-02-03,3108.32
2023-02-06,3090.5
2023-02-07,3081.9
2023-02-08,3087.82
2023-02-09,3074.37
2023-02-10,3056.0
2023-02-13,3061.59
2023-02-14,3053.51
2023-02-15,3046.05
2023-02-16,3032.22
2023-02-17,3035.77
2023-02-20,3036.82
2023-02-21,3008.1
2023-02-22,3013.93
2023-02-23,3023.87
2023-02-24,3007.26
2023-02-27,3012.55
2023-02-28,3013.75
2023-03-01,2997.98
2023-03-02,2990.74
2023-03-03,3016.66
2023-03-06,3015.44
2023-03-07,3012.37
2023-03-08,3006.63
2023-03-09,3013.1
2023-03-10,3044.37
2023-03-13,3051.03
2023-03-14,3032.7
2023-03-15,3047.45
2023-03-16,3035.73
2023-03-17,3061.94
2023-03-20,3052.15
2023-03-21,3050.45
2023-03-22,3081.08
2023-03-23,3087.49
2023-03-24,3085.25
2023-03-27,3063.45
2023-03-28,3059.71
2023-03-29,3061.73
2023-03-30,3071.7
2023-03-31,3090.99
2023-04-03,3104.66
2023-04-04,3117.23
2023-04-05,3123.46
2023-04-06,3125.44
2023-04-07,
2023-04-10,3104.31
2023-04-11,3108.1
2023-04-12,3113.14
2023-04-13,3106.99
2023-04-14,3096.61
2023-04-17,3084.76
2023-04-18,3091.29
2023-04-19,3086.52
2023-04-20,3095.42
2023-04-21,3090.53
2023-04-24,3104.0
2023-04-25,3125.01
2023-04-26,3111.88
2023-04-27,3098.98
2023-04-28,3116.49
2023-04-30,3117.2
2023-05-01,3084.14
2023-05-02,3109.54
2023-05-03,3122.11
2023-05-04,3109.07
2023-05-05,3101.71
2023-05-08,3084.78
2023-05-09,3081.05
2023-05-10,3099.3
2023-05-11,3109.1
2023-05-12,3097.14
2023-05-15,3086.73
2023-05-16,3077.55
2023-05-17,3071.25
2023-05-18,3059.07
2023-05-19,3053.9
2023-05-22,3052.98
2023-05-23,3056.85
2023-05-24,3049.25
2023-05-25,3040.46
2023-05-26,3041.02
2023-05-29,3042.1
2023-05-30,3067.69
2023-05-31,3075.79
2023-06-01,3083.44
2023-06-02,3071.31
2023-06-05,3072.6
2023-06-06,3075.19
2023-06-07,3058.15
2023-06-08,3071.34
2023-06-09,3064.98
2023-06-12,3069.63
2023-06-13,3058.05
2023-06-14,3064.2
2023-06-15,3080.96
2023-06-16,3077.44
2023-06-19,3078.53
2023-06-20,3087.09
2023-06-21,3089.52
2023-06-22,3075.05
2023-06-23,3083.92
2023-06-26,3089.08
2023-06-27,3082.8
2023-06-28,3091.97
2023-06-29,3071.31
2023-06-30,3084.54
2023-07-03,3079.05
2023-07-04,3079.41
2023-07-05,3069.32
2023-07-06,3047.33
2023-07-07,3045.11
2023-07-10,3054.04
2023-07-11,3061.84
2023-07-12,3086.93
2023-07-13,3106.72
2023-07-14,3094.55
2023-07-17,3095.19
2023-07-18,3100.71
2023-07-19,3113.73
2023-07-20,3095.36
2023-07-21,3097.82
2023-07-24,3095.43
2023-07-25,3094.5
2023-07-26,3101.63
2023-07-27,3081.5
2023-07-28,3091.68
2023-07-31,3097.91
2023-08-01,3080.11
2023-08-02,3067.96
2023-08-03,3044.35
2023-08-04,3069.16
2023-08-07,3063.2
2023-08-08,3074.23
2023-08-09,3077.31
2023-08-10,3059.6
2023-08-11,3050.84
2023-08-14,3047.94
2023-08-15,3040.76
2023-08-16,3029.51
2023-08-17,3025.01
2023-08-18,3029.35
2023-08-21,3014.97
2023-08-22,3020.89
2023-08-23,3050.52
2023-08-24,3045.47
2023-08-25,3046.62
2023-08-28,3053.32
2023-08-29,3070.49
2023-08-30,3071.35
2023-08-31,3076.76
2023-09-01,3060.59
2023-09-04,3061.7
2023-09-05,3045.38
2023-09-06,3040.17
2023-09-07,3047.83
2023-09-08,3051.93
2023-09-11,3048.04
2023-09-12,3050.3
2023-09-13,3052.16
2023-09-14,3047.8
2023-09-15,3041.79
2023-09-18,3046.39
2023-09-19,3039.41
2023-09-20,3041.9
2023-09-21,3019.05
2023-09-22,3032.05
2023-09-25,3013.11
2023-09-26,3009.74
2023-09-27,2998.81
2023-09-28,3000.9
2023-09-29,3001.01
2023-09-30,3001.39
2023-10-02,2980.11
2023-10-03,2954.87
2023-10-04,2969.81
2023-10-05,2969.81
2023-10-06,2957.55
2023-10-09,2958.68
2023-10-10,2987.75
2023-10-11,3004.0
2023-10-12,2979.04
2023-10-13,2993.93
2023-10-16,2979.75
2023-10-17,2959.51
2023-10-18,2945.44
2023-10-19,2928.58
2023-10-20,2935.86
2023-10-23,2949.37
2023-10-24,2961.27
2023-10-25,2941.83
2023-10-26,2957.83
2023-10-27,2958.43
2023-10-30,2951.53
2023-10-31,2946.76
2023-11-01,2972.25
2023-11-02,2996.58
2023-11-03,3015.69
2023-11-06,3004.53
2023-11-07,3018.29
2023-11-08,3032.28
2023-11-09,3008.24
2023-11-10,3014.6
2023-11-13,3017.35
2023-11-14,3055.41
2023-11-15,3040.5
2023-11-16,3057.89
2023-11-17,3064.32
2023-11-20,3073.2
2023-11-21,3076.41
2023-11-22,3081.2
2023-11-23,3081.58
2023-11-24,3070.87
2023-11-27,3092.57
2023-11-28,3101.22
2023-11-29,3122.21
2023-11-30,3112.98
2023-12-01,3138.62
2023-12-04,3132.49
2023-12-05,3152.06
2023-12-06,3164.31
2023-12-07,3159.43
2023-12-08,3147.41
2023-12-11,3147.21
2023-12-12,3155.65
2023-12-13,3197.38
2023-12-14,3231.99
2023-12-15,3229.35
2023-12-18,3221.17
2023-12-19,3225.23
2023-12-20,3234.67
2023-12-21,3227.99
2023-12-22,3225.38
2023-12-25,
2023-12-26,3229.6
2023-12-27,3252.97
2023-12-28,3245.83
2023-12-29,3238.5
2023-12-31,3238.89
2024-01-01,
2024-01-02,3225.86
2024-01-03,3224.25
2024-01-04,3206.83
2024-01-05,3198.29
2024-01-08,3211.29
2024-01-09,3213.41
2024-01-10,3214.61
2024-01-11,3228.38
2024-01-12,3235.72
2024-01-15,3236.88
2024-01-16,3214.92
2024-01-17,3207.31
2024-01-18,3203.76
2024-01-19,3205.51
2024-01-22,3213.52
2024-01-23,3205.95
2024-01-24,3201.28
2024-01-25,3214.52
2024-01-26,3213.03
2024-01-29,3226.1
2024-01-30,3229.13
2024-01-31,3243.69
2024-02-01,3258.59
2024-02-02,3229.84
2024-02-05,3207.43
2024-02-06,3223.24
2024-02-07,3217.57
2024-02-08,3208.16
2024-02-09,3203.55
2024-02-12,3205.27
2024-02-13,3177.39
2024-02-14,3188.0
2024-02-15,3197.25
2024-02-16,3189.15
2024-02-19,3190.32
2024-02-20,3195.61
2024-02-21,3188.83
2024-02-22,3193.56
2024-02-23,3203.11
2024-02-26,3196.75
2024-02-27,3190.62
2024-02-28,3195.69
2024-02-29,3198.37
2024-03-01,3208.87
2024-03-04,3206.73
2024-03-05,3220.4
2024-03-06,3228.11
2024-03-07,3232.6
2024-03-08,3236.59
2024-03-11,3235.76
2024-03-12,3227.95
2024-03-13,3225.54
2024-03-14,3207.12
2024-03-15,3205.33
2024-03-18,3205.67
2024-03-19,3211.76
2024-03-20,3214.54
2024-03-21,3218.99
2024-03-22,3231.02
2024-03-25,3224.87
2024-03-26,3226.42
2024-03-27,3234.65
2024-03-28,3235.5
2024-03-29,
2024-03-31,3236.29
2024-04-01,3213.44
2024-04-02,3208.83
2024-04-03,3212.66
2024-04-04,3221.07
2024-04-05,3202.53
2024-04-08,3203.51
2024-04-09,3216.13
2024-04-10,3181.54
2024-04-11,3177.31
2024-04-12,3182.63
2024-04-15,3163.11
2024-04-16,3149.41
2024-04-17,3164.57
2024-04-18,3156.93
2024-04-19,3160.96
2024-04-22,3163.59
2024-04-23,3170.01
2024-04-24,3162.32
2024-04-25,3151.59
2024-04-26,3160.99
2024-04-29,3172.57
2024-04-30,3160.95
2024-05-01,3170.79
2024-05-02,3183.1
2024-05-03,3200.32
2024-05-06,3207.28
2024-05-07,3213.39
2024-05-08,3205.69
2024-05-09,3211.13
2024-05-10,3203.06
2024-05-13,3205.97
2024-05-14,3213.55
2024-05-15,3234.29
2024-05-16,3231.04
2024-05-17,3223.94
2024-05-20,3222.4
2024-05-21,3228.47
2024-05-22,3225.46
2024-05-23,3215.4
2024-05-24,3218.38
2024-05-27,3219.59
2024-05-28,3206.37
2024-05-29,3193.49
2024-05-30,3206.95
2024-05-31,3219.53
2024-06-03,3237.81
2024-06-04,3250.43
2024-06-05,3257.57
2024-06-06,3256.41
2024-06-07,3230.94
2024-06-10,3226.08
2024-06-11,3238.51
2024-06-12,3253.05
2024-06-13,3268.74
2024-06-14,3269.65
2024-06-17,3256.15
2024-06-18,3268.65
2024-06-19,3269.06
2024-06-20,3260.53
2024-06-21,3259.57
2024-06-24,3265.14
2024-06-25,3266.27
2024-06-26,3247.94
2024-06-27,3254.63
2024-06-28,3239.27
2024-06-30,3240.08
2024-07-01,3223.78
2024-07-02,3235.8
2024-07-03,3254.57
2024-07-04,3254.98
2024-07-05,3269.56
2024-07-08,3273.12
2024-07-09,3268.62
2024-07-10,3271.46
2024-07-11,3287.8
2024-07-12,3295.65
2024-07-15,3288.08
2024-07-16,3300.64
2024-07-17,3301.01
2024-07-18,3292.44
2024-07-19,3284.0
2024-07-22,3282.11
2024-07-23,3282.06
2024-07-24,3270.43
2024-07-25,3276.33
2024-07-26,3289.12
2024-07-29,3295.49
2024-07-30,3298.98
2024-07-31,3316.66
2024-08-01,3325.55
2024-08-02,3357.16
2024-08-05,3347.33
2024-08-06,3330.43
2024-08-07,3323.55
2024-08-08,3319.04
2024-08-09,3331.19
2024-08-12,3338.62
2024-08-13,3352.13
2024-08-14,3362.71
2024-08-15,3354.77
2024-08-16,3361.37
2024-08-19,3368.51
2024-08-20,3378.23
2024-08-21,3383.69
2024-08-22,3371.47
2024-08-23,3385.74
2024-08-26,3384.61
2024-08-27,3383.98
2024-08-28,3381.44
2024-08-29,3377.05
2024-08-30,3367.37
2024-08-31,3367.48
2024-09-02,3368.26
2024-09-03,3381.84
2024-09-04,3397.35
2024-09-05,3404.87
2024-09-06,3409.03
2024-09-09,3414.62
2024-09-10,3423.62
2024-09-11,3421.37
2024-09-12,3419.48
2024-09-13,3428.44
2024-09-16,3441.47
2024-09-17,3439.28
2024-09-18,3428.56
2024-09-19,3433.37
2024-09-20,3430.79
2024-09-23,3431.4
2024-09-24,3436.34
2024-09-25,3424.12
2024-09-26,3422.5
2024-09-27,3432.05
2024-09-30,3425.5
2024-10-01,3435.7
2024-10-02,3429.67
2024-10-03,3418.02
2024-10-04,3396.78
2024-10-07,3388.27
2024-10-08,3389.69
2024-10-09,3382.65
2024-10-10,3383.2
2024-10-11,3382.99
2024-10-14,3384.25
2024-10-15,3397.79
2024-10-16,3403.72
2024-10-17,3387.68
2024-10-18,3387.64
2024-10-21,3361.66
2024-10-22,3358.54
2024-10-23,3351.69
2024-10-24,3358.56
2024-10-25,3353.03
2024-10-28,3349.33
2024-10-29,3351.65
2024-10-30,3351.2
2024-10-31,3348.44
2024-11-01,3313.72
2024-11-04,3349.5
2024-11-05,3356.39
2024-11-06,3334.82
2024-11-07,3359.15
2024-11-08,3369.99
2024-11-11,3371.26
2024-11-12,3344.86
2024-11-13,3337.69
2024-11-14,3336.37
2024-11-15,3334.07
2024-11-18,3341.52
2024-11-19,3346.54
2024-11-20,3340.18
2024-11-21,3338.5
2024-11-22,3338.87
2024-11-25,3372.2
2024-11-26,3366.06
2024-11-27,3373.89
2024-11-28,3374.32
2024-11-29,3388.06
2024-11-30,3388.48
2024-12-02,3393.45
2024-12-03,3386.76
2024-12-04,3400.04
2024-12-05,3400.09
2024-12-06,3405.47
2024-12-09,3397.89
2024-12-10,3394.01
2024-12-11,3387.87
2024-12-12,3373.09
2024-12-13,3360.74
2024-12-16,3363.77
2024-12-17,3363.25
2024-12-18,3341.81
2024-12-19,3323.27
2024-12-20,3329.48
2024-12-23,3320.14
2024-12-24,3323.8
2024-12-25,
2024-12-26,3327.38
2024-12-27,3320.28
2024-12-30,3334.19
2024-12-31,3328.3
2025-01-01,
2025-01-02,3329.43
2025-01-03,3323.93
2025-01-06,3319.53
2025-01-07,3306.19
2025-01-08,3310.57
2025-01-09,3309.73
2025-01-10,3293.73
2025-01-13,3289.66
2025-01-14,3289.76
2025-01-15,3319.53
2025-01-16,3326.48
2025-01-17,3327.38
2025-01-20,3328.65
2025-01-21,3340.55
2025-01-22,3335.78
2025-01-23,3328.78
2025-01-24,3335.4
2025-01-27,3352.28
2025-01-28,3352.16
2025-01-29,3348.29
2025-01-30,3353.48
2025-01-31,3348.48
2025-02-03,3350.25
2025-02-04,3357.17
2025-02-05,3374.82
2025-02-06,3371.49
2025-02-07,3360.13
2025-02-10,3359.18
2025-02-11,3353.49
2025-02-12,3337.9
2025-02-13,3359.07
2025-02-14,3370.6
2025-02-17,3371.89
2025-02-18,3359.67
2025-02-19,3362.96
2025-02-20,3367.09
2025-02-21,3380.78
2025-02-24,3387.14
2025-02-25,3405.65
2025-02-26,3412.59
2025-02-27,3405.46
2025-02-28,3416.29
2025-03-03,3424.54
2025-03-04,3412.72
2025-03-05,3404.01
2025-03-06,3400.24
2025-03-07,3393.78
2025-03-10,3407.36
2025-03-11,3391.65
2025-03-12,3383.33
2025-03-13,3388.59
2025-03-14,3385.0
2025-03-17,3391.65
2025-03-18,3395.69
2025-03-19,3408.24
2025-03-20,3412.18
2025-03-21,3405.31
2025-03-24,3393.2
2025-03-25,3397.37
2025-03-26,3388.04
2025-03-27,3383.92
2025-03-28,3399.48
2025-03-31,3406.89
2025-04-01,3414.75
2025-04-02,3415.11
2025-04-03,3418.71
2025-04-04,3410.85
2025-04-07,3363.96
2025-04-08,3349.67
2025-04-09,3342.38
2025-04-10,3327.43
2025-04-11,3320.87
2025-04-14,3345.75
2025-04-15,3354.34
2025-04-16,3367.54
2025-04-17,3361.66
2025-04-18,
2025-04-21,3343.18
2025-04-22,3349.3
2025-04-23,3362.04
2025-04-24,3381.18
2025-04-25,3395.83
2025-04-28,3406.64
2025-04-29,3412.76
2025-04-30,3406.04
2025-05-01,3392.93
2025-05-02,3381.46
2025-05-05,3378.11
2025-05-06,3384.44
2025-05-07,3391.42
2025-05-08,3377.62
2025-05-09,3380.09
2025-05-12,3374.04
2025-05-13,3376.04
2025-05-14,3367.82
2025-05-15,3382.24
2025-05-16,3386.35
2025-05-19,3386.83
2025-05-20,3384.34
2025-05-21,3362.12
2025-05-22,3368.94
2025-05-23,3371.9
2025-05-26,3373.23
2025-05-27,3393.07
2025-05-28,3387.88
2025-05-29,3400.91
2025-05-30,3406.01
2025-05-31,3406.13
2025-06-02,3397.76
2025-06-03,3400.75
2025-06-04,3422.5
2025-06-05,3416.07
2025-06-06,3399.22
2025-06-09,3405.83
2025-06-10,3410.83
2025-06-11,3421.12
2025-06-12,3434.4
2025-06-13,3421.26
2025-06-16,3415.25
2025-06-17,3427.33
2025-06-18,3427.66
2025-06-19,3428.11
2025-06-20,3429.23
2025-06-23,3436.35
2025-06-24,3448.82
2025-06-25,3450.21
2025-06-26,3458.5
2025-06-27,3452.6
2025-06-30,3468.01
2025-07-01,3470.12
2025-07-02,3467.61
2025-07-03,3461.2
2025-07-04,3461.65
2025-07-07,3450.59
2025-07-08,3446.01
2025-07-09,3456.75
2025-07-10,3458.37
2025-07-11,3442.72
2025-07-14,3442.21
2025-07-15,3434.65
2025-07-16,3441.4
2025-07-17,3442.84
2025-07-18,3448.59
2025-07-21,3460.38
2025-07-22,3466.13
2025-07-23,3460.16
2025-07-24,3458.84
2025-07-25,3466.36
2025-07-28,3462.03
2025-07-29,3479.42
2025-07-30,3470.88
2025-07-31,3473.17
2025-08-01,3496.23
2025-08-04,3500.85
2025-08-05,3502.25
2025-08-06,3500.58
2025-08-07,3500.22
2025-08-08,3492.49
2025-08-11,3494.76
2025-08-12,3495.21
2025-08-13,3511.15
2025-08-14,3502.28
2025-08-15,3498.71
2025-08-18,3496.69
2025-08-19,3501.95
2025-08-20,3502.54
2025-08-21,3494.1
2025-08-22,3511.25
2025-08-25,3509.65
2025-08-26,3510.6
2025-08-27,3511.93
2025-08-28,3518.11
2025-08-29,3509.59
2025-08-31,3510.04
2025-09-01,3510.44
2025-09-02,3499.33
2025-09-03,3513.93
2025-09-04,3529.31
2025-09-05,3548.17
2025-09-08,3561.11
2025-09-09,3553.25
2025-09-10,3563.31
2025-09-11,3572.25
2025-09-12,3567.56
2025-09-15,3576.1
2025-09-16,3577.73
2025-09-17,3571.23
2025-09-18,3563.89
2025-09-19,3563.84
2025-09-22,3559.19
2025-09-23,3565.84
2025-09-24,3556.4
2025-09-25,3549.37
2025-09-26,3550.74
2025-09-29,3562.14
2025-09-30,3559.85
2025-10-01,3568.61
2025-10-02,3574.34
2025-10-03,3569.88
2025-10-06,3563.64
2025-10-07,3569.14
2025-10-08,3568.9
2025-10-09,3563.3
2025-10-10,3574.03
2025-10-13,3575.4
2025-10-14,3584.41
2025-10-15,3587.07
2025-10-16,3596.83
2025-10-17,3592.41
2025-10-20,3600.11
2025-10-21,3604.74
2025-10-22,3603.02
2025-10-23,3598.37
2025-10-24,3602.98
2025-10-27,3609.04
2025-10-28,3610.18
2025-10-29,3593.07
2025-10-30,3583.31
2025-10-31,3575.77
2025-11-03,3568.17
2025-11-04,3572.45
2025-11-05,3562.04
2025-11-06,3574.39
2025-11-07,3569.78
2025-11-10,3570.28
2025-11-11,3570.75
2025-11-12,3579.01
2025-11-13,3567.38
2025-11-14,3561.8
2025-11-17,3564.35
2025-11-18,3565.75
2025-11-19,3564.86
2025-11-20,3570.86
2025-11-21,3575.57
2025-11-24,3585.22
2025-11-25,3594.6
2025-11-26,3601.76
2025-11-27,3602.22
2025-11-28,3597.59
2025-11-30,3598.51
2025-12-01,3583.05
2025-12-02,3587.35
2025-12-03,3593.23
2025-12-04,3587.27
2025-12-05,3582.66
2025-12-08,3579.29
2025-12-09,3576.03
2025-12-10,3586.71
2025-12-11,3586.69
2025-12-12,3572.98
2025-12-15,3575.78
2025-12-16,3581.86
2025-12-17,3581.36
2025-12-18,3589.21
2025-12-19,3583.44
2025-12-22,3582.87
2025-12-23,3583.92
2025-12-24,3592.17
2025-12-25,
2025-12-26,3592.89
2025-12-29,3598.92
2025-12-30,3596.48
2025-12-31,3587.21
2026-01-01,
2026-01-02,3584.86
2026-01-05,3592.88
2026-01-06,3593.5
2026-01-07,3598.21
2026-01-08,3589.58
2026-01-09,3596.5
2026-01-12,3594.47
2026-01-13,3599.48
2026-01-14,3606.65
2026-01-15,3604.48
2026-01-16,3596.23
2026-01-19,3597.63
2026-01-20,3583.08
2026-01-21,3595.45
2026-01-22,3601.29
2026-01-23,3602.61
2026-01-26,3607.2
2026-01-27,3603.06
2026-01-28,3601.73
2026-01-29,3602.07
2026-01-30,3600.02
2026-01-31,3600.04
2026-02-02,3597.46
2026-02-03,3598.9
2026-02-04,3595.15
2026-02-05,3610.33
2026-02-06,3608.73
2026-02-09,3611.14
2026-02-10,3621.14
2026-02-11,3614.57
2026-02-12,3631.22
2026-02-13,3637.06
2026-02-16,3638.47
2026-02-17,3638.38
2026-02-18,3635.68
2026-02-19,3637.12
2026-02-20,3637.08
2026-02-23,3642.13
2026-02-24,3639.93
2026-02-25,3639.35
2026-02-26,3641.78
2026-02-27,3644.25
2026-02-28,3645.65
2026-03-02,3629.9
2026-03-03,3628.57
2026-03-04,3629.06
2026-03-05,3618.97
2026-03-06,3611.57
2026-03-09,3621.44
2026-03-10,3610.2
